database,pathway,genes
BIOCARTA,BIOCARTA_CBL_PATHWAY,"['PDGFRA', 'MET', 'SH3GLB1', 'EGF', 'GRB2', 'SH3GLB2', 'PRKCB', 'EGFR', 'CBL', 'PRKCA', 'CSF1R', 'SH3KBP1']"
BIOCARTA,BIOCARTA_CDC42RAC_PATHWAY,"['PDGFRA', 'PIK3R1', 'RHOA', 'RAC1', 'PAK1', 'CDC42', 'PIK3CA', 'WASL']"
BIOCARTA,BIOCARTA_EDG1_PATHWAY,"['MAPK3', 'PIK3CG', 'SMPD2', 'SPHK1', 'PDGFRA', 'PIK3R1', 'S1PR1', 'ADCY1', 'ITGB3', 'RHOA', 'RAC1', 'PLCB1', 'MAPK1', 'SPHKAP', 'ITGAV', 'PRKCB', 'SMPD1', 'AKT1', 'ASAH1', 'PRKCA', 'PDGFA', 'PIK3CA']"
BIOCARTA,BIOCARTA_ERK_PATHWAY,"['MAPK3', 'NGF', 'HRAS', 'PDGFRA', 'PPP2CA', 'DPM2', 'GNAS', 'MAP2K1', 'RPS6KA1', 'RAF1', 'ELK1', 'MYC', 'MKNK1', 'NGFR', 'MAPK1', 'SHC1', 'GRB2', 'STAT3', 'MAP2K2', 'EGFR', 'PTPRR', 'RPS6KA5', 'MKNK2', 'KLK2', 'IGF1R', 'ITGB1', 'SOS1']"
BIOCARTA,BIOCARTA_EXTRINSIC_PATHWAY,"['F5', 'F7', 'F3', 'PROS1', 'SERPINC1', 'PROC', 'FGB', 'FGA', 'F10', 'F2R', 'TFPI', 'F2', 'FGG']"
BIOCARTA,BIOCARTA_FMLP_PATHWAY,"['FPR1', 'MAPK3', 'PIK3C2G', 'HRAS', 'GNA15', 'NFATC4', 'NFKBIA', 'MAP2K1', 'RAF1', 'ELK1', 'CAMK1G', 'CALM1', 'NFATC2', 'RAC1', 'PLCB1', 'MAPK1', 'CAMK1', 'PPP3CA', 'PAK1', 'NFATC3', 'MAP2K6', 'MAP2K2', 'CALM2', 'MAPK14', 'PPP3CB', 'RELA', 'MAP2K3', 'CALM3', 'NFATC1', 'NCF2', 'NFKB1', 'NCF1', 'MAP3K1', 'PPP3CC']"
BIOCARTA,BIOCARTA_LIS1_PATHWAY,"['DYNLL1', 'DCX', 'PAFAH1B1', 'DCTN6', 'DNAH6', 'LRP8', 'DNAH2', 'NDEL1', 'ABL1', 'CDK5R1', 'DCTN3', 'DCTN1', 'DNAH8', 'CLIP1', 'DNAH3', 'CSNK2A1', 'CDK5', 'DNAH1', 'RELN']"
BIOCARTA,BIOCARTA_PDGF_PATHWAY,"['MAPK3', 'PIK3CG', 'HRAS', 'PDGFRA', 'PIK3R1', 'MAPK8', 'MAP2K1', 'RAF1', 'ELK1', 'JAK1', 'PLCG1', 'SHC1', 'STAT5A', 'GRB2', 'PRKCB', 'STAT3', 'MAP2K4', 'SRF', 'PRKCA', 'PDGFA', 'PIK3CA', 'CSNK2A1', 'MAP3K1', 'RASA1', 'JUN', 'SOS1', 'FOS', 'STAT1']"
BIOCARTA,BIOCARTA_RAC1_PATHWAY,"['PIK3CG', 'PDGFRA', 'ARFIP2', 'MYL2', 'WASF1', 'VAV1', 'TRIO', 'PIK3R1', 'CHN1', 'PLD1', 'RAC1', 'PAK1', 'PPP1R12B', 'RPS6KB1', 'CDK5R1', 'RALBP1', 'PIK3CA', 'NCF2', 'LIMK1', 'CDK5', 'MAP3K1']"
BIOCARTA,BIOCARTA_REELIN_PATHWAY,"['LRP8', 'VLDLR', 'FYN', 'DAB1', 'CDK5R1', 'CDK5', 'RELN']"
KEGG,KEGG_CALCIUM_SIGNALING_PATHWAY,"['CALM2', 'PTGFR', 'BST1', 'PTGER1', 'F2R', 'CALM1', 'PTGER3', 'ATP2A1', 'OXTR', 'PPP3R2', 'P2RX4', 'TACR3', 'P2RX5', 'PPP3CC', 'ADRB3', 'ATP2A3', 'P2RX1', 'PPP3R1', 'ADRB2', 'ATP2A2', 'P2RX3', 'ADRB1', 'TACR1', 'TACR2', 'SPHK1', 'CCKAR', 'CCKBR', 'NTSR1', 'PDGFRB', 'VDAC2P5', 'SLC8A1', 'ITPR3', 'SLC8A3', 'PLCD3', 'EDNRA', 'P2RX7', 'CHP2', 'DRD1', 'DRD5', 'TRHR', 'EDNRB', 'PHKB', 'PHKA2', 'PHKA1', 'GNA15', 'GNA11', 'VDAC1', 'VDAC2', 'CHRM1', 'VDAC3', 'CHRM2', 'PRKX', 'PLN', 'BDKRB1', 'MYLK', 'PLCE1', 'CHRM3', 'ADCY3', 'CALML5', 'LTB4R2', 'ADCY2', 'ADCY1', 'BDKRB2', 'PDE1C', 'CYSLTR1', 'GNA14', 'PDE1B', 'CAMK4', 'CAMK2A', 'CAMK2B', 'PDGFRA', 'CAMK2D', 'CAMK2G', 'PRKACA', 'PRKACB', 'GNAQ', 'SLC25A6', 'PRKACG', 'GNAS', 'SLC25A5', 'CALML3', 'SLC25A4', 'GNAL', 'ATP2B2', 'ATP2B3', 'ATP2B4', 'PLCG1', 'PLCG2', 'PLCZ1', 'AGTR1', 'ATP2B1', 'CALM3', 'PTK2B', 'TRPC1', 'SLC25A31', 'PLCB2', 'GRM5', 'ADCY8', 'RYR1', 'PLCB1', 'ADCY9', 'PLCD1', 'PRKCB', 'ADCY7', 'PRKCA', 'PLCB3', 'PLCB4', 'TNNC2', 'RYR2', 'RYR3', 'GRM1', 'PPID', 'PHKG1', 'PHKG2', 'PRKCG', 'PDE1A', 'ERBB4', 'CACNA1A', 'GRIN1', 'GRIN2A', 'ERBB2', 'ERBB3', 'CHRNA7', 'NOS3', 'CACNA1D', 'GRIN2C', 'CACNA1E', 'GRIN2D', 'CHRM5', 'CACNA1B', 'NOS2', 'CACNA1C', 'NOS1', 'MYLK2', 'CACNA1F', 'CACNA1S', 'ADCY4', 'TNNC1', 'PLCD4', 'P2RX2', 'ITPKA', 'ADORA2A', 'ITPKB', 'EGFR', 'ADORA2B', 'ITPR1', 'ITPR2', 'HTR4', 'SPHK2', 'HTR5A', 'HTR6', 'HTR7', 'HTR2A', 'HTR2C', 'HTR2B', 'P2RX6', 'SLC8A2', 'AVPR1A', 'AVPR1B', 'HRH2', 'ADRA1D', 'ADRA1B', 'ADRA1A', 'GRPR', 'CD38', 'PPP3CB', 'PTAFR', 'PPP3CA', 'CACNA1H', 'CACNA1G', 'CACNA1I', 'CYSLTR2', 'LHCGR', 'TBXA2R', 'MYLK3', 'HRH1', 'CHP1', 'CALML6']"
KEGG,KEGG_COMPLEMENT_AND_COAGULATION_CASCADES,"['F2', 'F2R', 'VWF', 'KNG1', 'FGB', 'PLAT', 'SERPIND1', 'MBL2', 'F3', 'F5', 'SERPINA1', 'PLAUR', 'F7', 'PLAU', 'F10', 'F9', 'TFPI', 'F8', 'KLKB1', 'CR2', 'MASP1', 'C9', 'A2M', 'CR1', 'F12', 'F13A1', 'F11', 'C8A', 'F13B', 'C7', 'C8G', 'C8B', 'CD59', 'SERPINA5', 'FGG', 'CD55', 'C6', 'C5AR1', 'C5', 'BDKRB1', 'C4BPB', 'C4BPA', 'C4B', 'C4A', 'BDKRB2', 'CFH', 'CFB', 'CPB2', 'CD46', 'PROS1', 'SERPINF2', 'PROC', 'FGA', 'SERPINE1', 'PLG', 'C2', 'SERPINC1', 'C1S', 'C3AR1', 'C3', 'C1QB', 'CFD', 'C1QA', 'C1R', 'C1QC', 'CFI', 'SERPING1', 'MASP2', 'THBD']"
KEGG,KEGG_CYTOKINE_CYTOKINE_RECEPTOR_INTERACTION,"['CCL26', 'TNFSF13', 'HGF', 'CCL3L1', 'TNFSF12', 'TNFRSF8', 'TNFSF10', 'CCL2', 'TNFSF8', 'TNFSF9', 'CCL3', 'TNFSF14', 'IL21R', 'CCL5', 'CCL4', 'CCL13', 'IL17RB', 'CCL11', 'CCL8', 'CCL7', 'TNFRSF17', 'TNFSF11', 'IL23A', 'CTF1', 'FLT1', 'CCL14', 'FLT3', 'CCL15', 'FLT3LG', 'FLT4', 'IL22', 'CD27', 'CCL18', 'CCL17', 'CCL20', 'CCL19', 'CCL21', 'CCL23', 'CCL22', 'TPO', 'CCL16', 'CSF2', 'CSF1R', 'TNFRSF13C', 'IL13RA1', 'CSF1', 'PRLR', 'PRL', 'TNFRSF14', 'IFNE', 'CCL24', 'CSF2RB', 'CSF2RA', 'TGFB2', 'TGFB1', 'CX3CL1', 'IL23R', 'XCL1', 'CXCL5', 'CXCL11', 'CXCL6', 'CCR2', 'CCL25', 'CSF3', 'TGFBR2', 'TGFBR1', 'MET', 'TGFB3', 'CXCR3', 'CSF3R', 'CLCF1', 'IL17B', 'CXCL12', 'CCR10', 'OSMR', 'XCR1', 'IL20', 'INHBE', 'PLEKHO2', 'CXCL10', 'MPL', 'CCL27', 'INHBB', 'INHBC', 'IFNLR1', 'INHBA', 'KITLG', 'TNFRSF19', 'CXCR4', 'IL1R2', 'KIT', 'CD70', 'TNFRSF11B', 'LEPR', 'CXCR6', 'RELT', 'LEP', 'IL19', 'LTA', 'IL17A', 'IL18', 'TNFRSF9', 'OSM', 'GDF5', 'IL15RA', 'IL15', 'CXCL13', 'LTB', 'TNFRSF25', 'LTBR', 'IL22RA1', 'CD40LG', 'CD40', 'PPBPP1', 'GHR', 'IL18RAP', 'CXCL9', 'IL17RA', 'GH1', 'LIF', 'GH2', 'LIFR', 'IL18R1', 'TNFSF4', 'TNFRSF4', 'CX3CR1', 'CCL3L3', 'PDGFRB', 'EDA', 'CXCL14', 'IL1A', 'EDAR', 'IL24', 'CNTF', 'CNTFR', 'TNFSF13B', 'PDGFC', 'VEGFA', 'VEGFC', 'VEGFB', 'CCR9', 'NGFR', 'IL22RA2', 'PDGFA', 'ACVRL1', 'PDGFB', 'CCL4L2', 'ACVR2B', 'PDGFRA', 'ACVR2A', 'ACVR1B', 'ACVR1', 'VEGFD', 'TNFRSF13B', 'IL25', 'TNFSF15', 'EPO', 'IL9R', 'CXCL1', 'TNF', 'CXCR5', 'IFNA5', 'IFNA4', 'IFNA2', 'TNFRSF6B', 'IFNA1', 'CXCR2', 'CXCR1', 'IL9', 'CCL28', 'IL7R', 'CXCL8', 'IL12RB1', 'IL12B', 'IL13', 'IL12RB2', 'IL11RA', 'IL12A', 'KDR', 'TNFRSF1B', 'IFNA17', 'TNFRSF1A', 'IFNA21', 'TNFRSF18', 'IFNA6', 'CCR3', 'TNFRSF12A', 'IFNA7', 'CCR4', 'IFNA8', 'CCR5', 'IFNA10', 'CCR6', 'IFNA13', 'CCR7', 'IFNA14', 'CCR8', 'IFNA16', 'IL26', 'CXCL16', 'IL10', 'EDA2R', 'IL10RA', 'IL10RB', 'EPOR', 'IL11', 'IL3RA', 'IL3', 'IL2RG', 'EGFR', 'IL2RB', 'CCR1', 'XCL2', 'IFNGR2', 'EGF', 'CCL1', 'TNFRSF10A', 'IFNG', 'IFNGR1', 'TNFRSF10D', 'IFNB1', 'TNFRSF11A', 'TNFRSF10B', 'IFNAR1', 'TNFRSF10C', 'IFNAR2', 'IL1RAP', 'IL1B', 'AMHR2', 'IL1R1', 'AMH', 'IL2RA', 'IL20RB', 'IL21', 'TNFSF18', 'IL2', 'IL20RA', 'BMPR2', 'BMPR1A', 'IL6R', 'BMPR1B', 'CRLF2', 'IL6ST', 'IFNK', 'IL7', 'PF4', 'CXCL2', 'CXCL3', 'BMP2', 'PF4V1', 'BMP7', 'IFNL3', 'IFNL1', 'TNFRSF21', 'FAS', 'IFNL2', 'FASLG', 'IFNW1', 'PPBP', 'TSLP', 'IL4', 'IL4R', 'IL5', 'IL5RA', 'IL6']"
KEGG,KEGG_ENDOCYTOSIS,"['F2R', 'EPN3', 'IQSEC1', 'IQSEC3', 'GRK3', 'GRK2', 'ADRB3', 'ADRB2', 'EPN2', 'STAMBP', 'ADRB1', 'IGF1R', 'CLTCL1', 'HGS', 'VPS37C', 'MVB12B', 'PIP4K2B', 'RUFY1', 'SMAP2', 'HLA-G', 'FLT1', 'STAM', 'MDM2', 'PIKFYVE', 'VPS37D', 'PIP5K1A', 'VPS28', 'CHMP2B', 'MVB12A', 'PIP5K1B', 'RAB11FIP1', 'ACAP1', 'ARRB2', 'AP2A2', 'GRK7', 'ARRB1', 'AP2B1', 'AP2A1', 'EEA1', 'GRK1', 'CSF1R', 'SMURF1', 'SH3GLB1', 'VPS4A', 'ARFGAP3', 'DNM2', 'HSPA8', 'VPS36', 'PARD6B', 'RAB31', 'RAB11A', 'TRAF6', 'CHMP4A', 'PDCD6IP', 'LDLR', 'PIP5K1C', 'NEDD4L', 'ACAP3', 'CHMP5', 'ARAP2', 'IQSEC2', 'HLA-F', 'MET', 'HLA-E', 'ARAP3', 'ASAP2', 'RAB11B', 'RAB11FIP5', 'RBSN', 'PDGFRA', 'AGAP1', 'DNM3', 'AGAP2', 'ARFGAP1', 'ARAP1', 'CHMP4B', 'CBLC', 'ACAP2', 'VPS25', 'RAB22A', 'EHD1', 'PLD1', 'PLD2', 'ITCH', 'CDC42', 'SH3GLB2', 'PARD6A', 'CHMP6', 'VTA1', 'RNF41', 'DNAJC6', 'ARF6', 'CHMP1B', 'PSD2', 'USP8', 'PSD4', 'WWP1', 'HLA-C', 'CXCR4', 'HLA-B', 'PRKCI', 'CXCR2', 'SH3GL3', 'CXCR1', 'TSG101', 'HLA-A', 'ERBB4', 'HSPA1L', 'HSPA1B', 'ERBB3', 'HSPA2', 'RAB11FIP4', 'SH3GL1', 'EPS15', 'DNM1L', 'HSPA1A', 'TFRC', 'SH3GL2', 'SMAP1', 'RAB11FIP2', 'FGFR2', 'KDR', 'KIT', 'FGFR4', 'GIT2', 'DNM1', 'FGFR3', 'LDLRAP1', 'RET', 'CCR5', 'PRKCZ', 'PSD3', 'ASAP3', 'HSPA6', 'RAB5C', 'DAB2', 'SMURF2', 'HRAS', 'CHMP3', 'VPS37A', 'EGFR', 'IL2RG', 'VPS37B', 'IL2RB', 'CBLB', 'CBL', 'PSD', 'NEDD4', 'EGF', 'PARD6G', 'SH3KBP1', 'ARFGAP2', 'RAB5B', 'RAB4A', 'EHD4', 'RAB5A', 'AP2S1', 'EHD2', 'IL2RA', 'EHD3', 'AP2M1', 'SNF8', 'SRC', 'VPS4B', 'STAM2', 'CHMP2A', 'GIT1', 'GRK6', 'RABEP1', 'VPS45', 'RAB11FIP3', 'CLTA', 'CLTB', 'CLTC', 'CHMP4C', 'GRK4', 'PARD3', 'GRK5', 'ASAP1', 'NTRK1', 'EPN1']"
KEGG,KEGG_FOCAL_ADHESION,"['JUN', 'ELK1', 'HGF', 'PARVA', 'FN1', 'TNN', 'IGF1', 'BIRC3', 'XIAP', 'COMP', 'THBS4', 'IGF1R', 'DIAPH1', 'ITGA11', 'PGF', 'PARVG', 'ROCK1', 'PTK2', 'MYL7', 'FLT1', 'FLT4', 'AKT1', 'RELN', 'AKT2', 'LAMC2', 'MYL12A', 'LAMB2', 'LAMB3', 'LAMC1', 'LAMA4', 'LAMA5', 'LAMB1', 'PAK6', 'PIK3R5', 'CAPN2', 'LAMB4', 'FLNC', 'FLNA', 'FLNB', 'MYL2', 'MYLK', 'MYL5', 'PIP5K1C', 'MET', 'MYL10', 'BIRC2', 'COL11A1', 'LAMC3', 'COL11A2', 'THBS3', 'THBS2', 'THBS1', 'VWF', 'ZYX', 'IBSP', 'VTN', 'PDGFD', 'PPP1R12A', 'BAD', 'ACTN4', 'ACTN1', 'MAPK9', 'MAPK10', 'MAP2K1', 'RASGRF1', 'ILK', 'RAPGEF1', 'GRB2', 'PPP1CC', 'PPP1CB', 'ACTG1', 'ITGA10', 'HRAS', 'ITGA8', 'CTNNB1', 'MYL12B', 'ACTB', 'ROCK2', 'PTEN', 'RAP1A', 'PIK3R3', 'RAP1B', 'TNC', 'CAV2', 'CAV1', 'CAV3', 'COL5A3', 'TLN1', 'VAV3', 'COL6A2', 'COL6A3', 'COL5A2', 'COL6A1', 'LAMA1', 'ITGA9', 'CHAD', 'PAK4', 'ITGA4', 'ITGA3', 'ITGA2B', 'ITGA7', 'ITGA5', 'COL5A1', 'COL4A6', 'PDGFRB', 'COL2A1', 'COL3A1', 'COL4A1', 'PARVB', 'COL4A2', 'BRAF', 'COL4A4', 'VAV1', 'PDPK1', 'ITGB3', 'ITGB4', 'VASP', 'ITGB5', 'SHC4', 'ITGB6', 'DOCK1', 'ITGB7', 'ITGAV', 'ITGB1', 'AKT3', 'VAV2', 'SPP1', 'COL1A1', 'COL1A2', 'TLN2', 'PDGFC', 'VCL', 'SHC3', 'VEGFA', 'VEGFC', 'ITGB8', 'VEGFB', 'PXN', 'PAK5', 'CCND1', 'PDGFA', 'BCL2', 'PDGFB', 'PDGFRA', 'ARHGAP5', 'BCAR1', 'PAK1', 'VEGFD', 'CRK', 'CRKL', 'CCND2', 'CDC42', 'ACTN2', 'CCND3', 'ACTN3', 'SOS2', 'PAK3', 'PRKCB', 'RAF1', 'PRKCA', 'SHC1', 'PAK2', 'MYL9', 'RHOA', 'PRKCG', 'MYLPF', 'ERBB2', 'RAC2', 'RAC3', 'KDR', 'MYLK2', 'PPP1CA', 'MAPK3', 'ARHGAP35', 'RAC1', 'SOS1', 'MAPK1', 'MAPK8', 'EGFR', 'GSK3B', 'TNR', 'EGF', 'LAMA3', 'TNXB', 'LAMA2', 'ITGA6', 'ITGA2', 'SRC', 'ITGA1', 'PIK3CA', 'PIK3CB', 'PIK3CD', 'SHC2', 'COL6A6', 'MYLK3', 'FYN', 'PIK3CG', 'PIK3R1', 'PIK3R2']"
KEGG,KEGG_GAP_JUNCTION,"['PLCB2', 'GRM5', 'SOS2', 'ADCY8', 'PLCB1', 'ADCY9', 'ADCY6', 'TUBA1A', 'RAF1', 'PRKCB', 'ADCY7', 'PRKCA', 'PLCB3', 'PLCB4', 'ADCY5', 'GRM1', 'CDK1', 'PDGFD', 'TUBB4A', 'ADRB1', 'TUBB4B', 'TUBB3', 'PRKCG', 'PDGFRB', 'TUBB2A', 'MAP2K2', 'ITPR3', 'MAP2K1', 'MAP2K5', 'LPAR1', 'ADCY4', 'TUBA1B', 'NRAS', 'GRB2', 'MAPK3', 'DRD1', 'GUCY1B1', 'DRD2', 'MAPK7', 'GUCY1A1', 'PRKG1', 'SOS1', 'TUBB7P', 'PRKG2', 'MAPK1', 'TUBA3D', 'HRAS', 'GJD2', 'CSNK1D', 'EGFR', 'TUBB2B', 'ITPR1', 'ITPR2', 'PDGFC', 'TUBAL3', 'GNA11', 'KRAS', 'EGF', 'PRKX', 'GJA1', 'GNAI1', 'HTR2A', 'TUBA3C', 'GNAI2', 'GUCY1A2', 'HTR2C', 'HTR2B', 'TUBB8', 'TUBA8', 'ADCY3', 'TUBA4A', 'ADCY2', 'ADCY1', 'TUBA1C', 'TJP1', 'TUBB1', 'SRC', 'PDGFA', 'PDGFB', 'PDGFRA', 'PRKACA', 'PRKACB', 'GNAQ', 'PRKACG', 'GNAS', 'GNAI3', 'TUBB6', 'TUBB', 'MAP3K2', 'TUBA3E']"
KEGG,KEGG_GLIOMA,"['SOS2', 'CALM2', 'E2F1', 'PRKCB', 'RAF1', 'SHC1', 'PRKCA', 'CALM1', 'IGF1', 'MTOR', 'IGF1R', 'PRKCG', 'PDGFRB', 'MAP2K2', 'TGFA', 'BRAF', 'MAP2K1', 'MDM2', 'RB1', 'AKT1', 'SHC4', 'AKT2', 'NRAS', 'AKT3', 'GRB2', 'MAPK3', 'SOS1', 'MAPK1', 'PIK3R5', 'HRAS', 'EGFR', 'KRAS', 'CDKN2A', 'SHC3', 'CDKN1A', 'EGF', 'ARAF', 'CALML5', 'CCND1', 'PTEN', 'PIK3R3', 'PDGFA', 'CAMK2A', 'PDGFB', 'CAMK2B', 'PDGFRA', 'CAMK2D', 'CAMK2G', 'CDK4', 'TP53', 'E2F3', 'CALML3', 'E2F2', 'PIK3CA', 'PIK3CB', 'CDK6', 'PIK3CD', 'PLCG1', 'SHC2', 'PLCG2', 'CALM3', 'PIK3CG', 'PIK3R1', 'PIK3R2', 'CALML6']"
KEGG,KEGG_MAPK_SIGNALING_PATHWAY,"['JUN', 'MEF2C', 'ELK4', 'ELK1', 'JUND', 'GADD45B', 'MAP3K20', 'STMN1', 'RRAS2', 'MAP3K5', 'MAP3K1', 'MAP3K3', 'MAP3K4', 'MAP3K7', 'MAP3K8', 'AKT1', 'AKT2', 'ARRB2', 'CD14', 'ARRB1', 'NRAS', 'DUSP16', 'CHP2', 'RASGRP3', 'NFKB2', 'NFKB1', 'MYC', 'NFATC4', 'MAPK14', 'FLNC', 'FLNA', 'KRAS', 'FLNB', 'PRKX', 'TRAF6', 'TGFB2', 'DUSP1', 'DUSP2', 'TGFB1', 'TRAF2', 'BDNF', 'TAB2', 'ECSIT', 'TGFBR2', 'DUSP7', 'TGFBR1', 'DUSP5', 'DUSP6', 'DUSP3', 'TGFB3', 'PLA2G4E', 'DUSP4', 'CACNG5', 'CACNG4', 'NF1', 'PLA2G12A', 'NFATC2', 'RASGRP4', 'MAP3K2', 'MAX', 'DUSP10', 'FGF9', 'FGF8', 'FGF7', 'FGF6', 'FGF5', 'FGF3', 'FGF4', 'FGF1', 'FGF2', 'PTPN5', 'FGF21', 'IL1R2', 'MAPK9', 'CACNA2D3', 'MAPK10', 'MAPK11', 'RASGRP2', 'PLA2G2A', 'MAP2K2', 'PLA2G4A', 'MAP2K3', 'MECOM', 'PLA2G5', 'MAPK13', 'MAP2K1', 'FGFR2', 'MAP2K7', 'RASA2', 'MAPK8IP2', 'RASGRF1', 'MAP2K5', 'RASGRF2', 'FGFR4', 'MAP2K6', 'MAPK8IP3', 'MAP3K6', 'CASP3', 'MAP3K12', 'FGFR3', 'FGFR1', 'RASA1', 'FGF14', 'RPS6KA2', 'RPS6KA3', 'FGF17', 'FGF16', 'FGF10', 'GRB2', 'FGF11', 'FGF12', 'FGF13', 'PLA2G1B', 'RPS6KA1', 'MAPKAPK3', 'IKBKG', 'HRAS', 'CACNG2', 'FGF23', 'CACNG3', 'MKNK2', 'FGF18', 'STK4', 'STK3', 'MAPK8IP1', 'MOS', 'RAP1A', 'MAPT', 'RAP1B', 'PPP3CB', 'PPP3CA', 'CACNA1H', 'CACNA1G', 'CACNA1I', 'ATF4', 'TAB1', 'FOS', 'TAOK2', 'RPS6KA6', 'PPP3R2', 'CACNG8', 'PPP5C', 'PPP3CC', 'CACNG6', 'PPP3R1', 'CACNG7', 'MAP2K4', 'ATF2', 'PDGFRB', 'JMJD7-PLA2G4B', 'MAP4K3', 'PLA2G6', 'PLA2G2E', 'PLA2G10', 'MAP4K4', 'RPS6KA5', 'BRAF', 'IKBKB', 'PLA2G4B', 'MAP3K11', 'CACNA2D2', 'IL1A', 'PLA2G2F', 'DAXX', 'AKT3', 'GADD45G', 'FGF20', 'RELB', 'MAPKAPK5', 'MAPK12', 'RELA', 'GNA12', 'HSPA8', 'HSPB1', 'PTPRR', 'LAMTOR3', 'GADD45A', 'NGF', 'DDIT3', 'MAP3K14', 'TAOK1', 'PDGFA', 'FGF22', 'PDGFB', 'NLK', 'PDGFRA', 'PRKACA', 'PRKACB', 'PAK1', 'PRKACG', 'CRK', 'CDC25B', 'CRKL', 'MAP3K13', 'PLA2G2D', 'CDC42', 'RASGRP1', 'CACNA2D1', 'CACNB1', 'SRF', 'CACNB2', 'SOS2', 'CACNB3', 'CACNB4', 'CHUK', 'CACNG1', 'PRKCB', 'RAF1', 'PRKCA', 'TNF', 'PAK2', 'MKNK1', 'PLA2G3', 'PRKCG', 'PTPN7', 'RAPGEF2', 'HSPA1L', 'CACNA1A', 'HSPA1B', 'RAC2', 'HSPA2', 'CACNA1D', 'CACNA1E', 'RAC3', 'CACNA1B', 'HSPA1A', 'PLA2G12B', 'CACNA1C', 'DUSP8', 'CACNA1F', 'CACNA1S', 'MAP4K1', 'TNFRSF1A', 'DUSP9', 'PPM1A', 'PPM1B', 'MAPK3', 'RPS6KA4', 'CACNA2D4', 'HSPA6', 'MAPK7', 'FGF19', 'RAC1', 'SOS1', 'MAPK1', 'DUSP14', 'MAP4K2', 'MAPK8', 'EGFR', 'MAPKAPK2', 'EGF', 'RRAS', 'TAOK3', 'GNG12', 'NTF4', 'IL1B', 'MRAS', 'NTF3', 'IL1R1', 'TP53', 'FAS', 'NR4A1', 'PLA2G2C', 'FASLG', 'NTRK2', 'NTRK1', 'CHP1']"
KEGG,KEGG_MELANOMA,"['E2F1', 'RAF1', 'FGF9', 'HGF', 'FGF8', 'FGF7', 'IGF1', 'FGF6', 'FGF5', 'PDGFD', 'IGF1R', 'FGF3', 'FGF4', 'FGF1', 'FGF2', 'FGF21', 'BAD', 'PDGFRB', 'MAP2K2', 'BRAF', 'MAP2K1', 'MDM2', 'RB1', 'AKT1', 'AKT2', 'FGFR1', 'FGF14', 'FGF17', 'FGF16', 'AKT3', 'NRAS', 'FGF10', 'FGF11', 'FGF12', 'FGF13', 'MAPK3', 'FGF19', 'MAPK1', 'PIK3R5', 'FGF20', 'HRAS', 'EGFR', 'PDGFC', 'CDKN2A', 'KRAS', 'CDKN1A', 'EGF', 'FGF23', 'FGF18', 'ARAF', 'MET', 'CCND1', 'PTEN', 'PIK3R3', 'PDGFA', 'FGF22', 'PDGFB', 'PDGFRA', 'CDK4', 'TP53', 'E2F3', 'E2F2', 'PIK3CA', 'PIK3CB', 'CDK6', 'PIK3CD', 'MITF', 'PIK3CG', 'PIK3R1', 'PIK3R2', 'CDH1']"
KEGG,KEGG_NEUROACTIVE_LIGAND_RECEPTOR_INTERACTION,"['PTGFR', 'PTGER2', 'PTGER1', 'PTGER4', 'PTGER3', 'CALCRL', 'TACR3', 'PTGIR', 'ADRB3', 'ADRB2', 'HRH4', 'ADRA2C', 'ADRB1', 'TACR1', 'ADRA2A', 'ADRA2B', 'TACR2', 'GPR35', 'THRB', 'THRA', 'PTH2R', 'PTH1R', 'PRSS3', 'PRSS2', 'NPY5R', 'PRSS1', 'CGA', 'NPY1R', 'NPY2R', 'RXFP1', 'MCHR1', 'LPAR4', 'DRD1', 'DRD2', 'DRD3', 'DRD4', 'DRD5', 'TRHR', 'NMUR2', 'SSTR2', 'SSTR3', 'SSTR1', 'PRLR', 'PRL', 'C5AR1', 'UTS2R', 'BDKRB1', 'BDKRB2', 'NPBWR2', 'NPBWR1', 'PRLHR', 'CSH1', 'NPFFR2', 'TAAR6', 'NTSR2', 'APLNR', 'NMUR1', 'GPR83', 'GABRQ', 'PLG', 'C3AR1', 'AGTR1', 'GALR1', 'AGTR2', 'SSTR5', 'SSTR4', 'ADCYAP1R1', 'TSHR', 'GRIK1', 'TSHB', 'GRIK2', 'GRIK3', 'GRIA4', 'GRID1', 'GRID2', 'MC1R', 'TSPO', 'S1PR5', 'MC3R', 'MC2R', 'GABRR2', 'GRIA3', 'TRPV1', 'GRIA2', 'GRIA1', 'MTNR1A', 'LEPR', 'MTNR1B', 'LEP', 'MC4R', 'GABRD', 'MC5R', 'GABRE', 'GABRG1', 'GABRG2', 'GABRG3', 'GABRP', 'GABRR1', 'GABRB3', 'ADORA1', 'GABRB2', 'ADORA2A', 'GABRB1', 'FPR3', 'FPR2', 'FPR1', 'ADORA2B', 'HTR4', 'HTR5A', 'HTR6', 'HTR7', 'HTR2A', 'GALR3', 'HTR1F', 'HTR2C', 'OPRL1', 'GIPR', 'HTR2B', 'OPRM1', 'GALR2', 'OPRD1', 'OPRK1', 'GABRA5', 'GABRA6', 'AVPR2', 'GABRA3', 'GABRA4', 'AVPR1A', 'GABRA1', 'AVPR1B', 'GABRA2', 'HRH2', 'PTGDR', 'GABBR1', 'ADRA1D', 'ADRA1B', 'ADRA1A', 'GHR', 'FSHB', 'LPAR3', 'GHRHR', 'PTAFR', 'GHSR', 'MLNR', 'LHB', 'FSHR', 'LHCGR', 'GH1', 'GH2', 'ADORA3', 'GRIN3A', 'HRH1', 'GRIN3B', 'MAS1', 'F2', 'F2R', 'GCGR', 'CRHR2', 'P2RY10', 'GLRA2', 'OXTR', 'GLRA1', 'GLP1R', 'GLP2R', 'CRHR1', 'GPR50', 'P2RX4', 'P2RX5', 'P2RX1', 'GLRB', 'P2RX3', 'NPY4R', 'CCKAR', 'BRS3', 'F2RL1', 'TAAR1', 'CCKBR', 'MCHR2', 'F2RL2', 'NTSR1', 'NMBR', 'TAAR9', 'LPAR6', 'P2RY4', 'P2RY6', 'S1PR1', 'P2RY11', 'LPAR1', 'S1PR3', 'RXFP2', 'EDNRA', 'HTR1D', 'P2RY1', 'HTR1B', 'P2RX7', 'HTR1E', 'CTSG', 'P2RY2', 'HTR1A', 'GZMA', 'EDNRB', 'CHRM1', 'CHRNA10', 'CHRM2', 'CHRM4', 'CHRM3', 'LTB4R2', 'TAAR8', 'CNR2', 'CNR1', 'CYSLTR1', 'CALCR', 'GNRHR', 'GABBR2', 'TAAR5', 'LPAR2', 'VIPR2', 'VIPR1', 'GPR156', 'TAAR2', 'GRM4', 'GRM5', 'GRM2', 'KISS1R', 'GRM3', 'GRM8', 'CHRNG', 'CHRNE', 'GRM6', 'CHRND', 'HRH3', 'GRM7', 'GRM1', 'CHRNA9', 'F2RL3', 'CHRNA6', 'CHRNA5', 'GRIK5', 'CHRNA4', 'GRIN1', 'GRIN2A', 'CHRNA7', 'GRIN2B', 'CHRNA1', 'GRIN2C', 'CHRM5', 'GRIN2D', 'CHRNA3', 'CHRNA2', 'NR3C1', 'S1PR2', 'LTB4R', 'GRIK4', 'P2RY8', 'CHRNB1', 'CHRNB2', 'CHRNB3', 'CHRNB4', 'P2RX2', 'S1PR4', 'P2RY13', 'SCTR', 'P2RX6', 'P2RY14', 'NPFFR1', 'GRPR', 'GLRA3', 'CYSLTR2', 'TBXA2R', 'PARD3', 'HCRTR1', 'HCRTR2']"
KEGG,KEGG_PATHWAYS_IN_CANCER,"['JUN', 'STAT3', 'TFG', 'STAT1', 'HGF', 'BIRC5', 'FN1', 'BIRC3', 'IGF1', 'XIAP', 'PML', 'JUP', 'HHIP', 'IGF1R', 'FZD1', 'FZD4', 'GSTP1', 'FZD6', 'FZD7', 'FZD8', 'LEF1', 'FZD9', 'MSH6', 'PGF', 'CTBP2', 'CTBP1', 'WNT9B', 'PTK2', 'WNT9A', 'PTGS2', 'HIF1A', 'FLT3', 'FLT3LG', 'ABL1', 'WNT2B', 'JAK1', 'WNT11', 'AKT1', 'WNT10B', 'AKT2', 'LAMC2', 'SMO', 'NRAS', 'LAMB2', 'ARNT', 'TPR', 'LAMB3', 'AXIN1', 'LAMC1', 'AXIN2', 'STAT5B', 'STAT5A', 'LAMA4', 'LAMA5', 'NFKB2', 'LAMB1', 'NFKB1', 'CTNNA1', 'NFKBIA', 'TPM3', 'MYC', 'PIK3R5', 'CSF1R', 'SHH', 'LAMB4', 'CCDC6', 'NCOA4', 'KRAS', 'CSF2RA', 'TRAF6', 'TGFB2', 'TRAF5', 'TRAF3', 'TGFB1', 'TRAF2', 'RBX1', 'TGFBR2', 'TRAF1', 'TGFBR1', 'HSP90B1', 'MET', 'TGFB3', 'RALB', 'RALA', 'FOXO1', 'CSF3R', 'BIRC2', 'APC', 'SUFU', 'PIAS4', 'LAMC3', 'CBLC', 'WNT16', 'PLCG1', 'PLCG2', 'PLD1', 'BCR', 'PAX8', 'CASP9', 'MAX', 'CASP8', 'RARB', 'FGF9', 'RARA', 'FGF8', 'FGF7', 'FGF6', 'FGF5', 'MTOR', 'FGF3', 'FGF4', 'KITLG', 'FGF1', 'PTCH2', 'FGF2', 'FGF21', 'BAD', 'MAPK9', 'MAPK10', 'WNT3A', 'MAP2K2', 'MECOM', 'NOS2', 'BAX', 'MAP2K1', 'FGFR2', 'FZD3', 'KIT', 'RB1', 'CASP3', 'FGFR3', 'PIAS2', 'FGFR1', 'FGF14', 'FGF17', 'FGF16', 'FGF10', 'CUL2', 'GRB2', 'FGF11', 'FGF12', 'WNT10A', 'FGF13', 'WNT4', 'SMAD3', 'ETS1', 'SMAD4', 'SMAD2', 'RUNX1', 'IKBKG', 'HRAS', 'WNT1', 'RUNX1T1', 'WNT7A', 'CBLB', 'WNT7B', 'CBL', 'WNT8A', 'WNT8B', 'WNT2', 'CTNNA2', 'FGF23', 'WNT3', 'RASSF5', 'WNT5A', 'WNT6', 'CTNNB1', 'CCNA1', 'FGF18', 'STK4', 'STK36', 'FZD10', 'FZD5', 'PTEN', 'PIK3R3', 'TCF7L1', 'RALGDS', 'PTCH1', 'MITF', 'CTNNA3', 'FOS', 'LAMA1', 'PIAS3', 'NKX3-1', 'ITGA3', 'APC2', 'ITGA2B', 'CREBBP', 'COL4A6', 'PDGFRB', 'MMP2', 'BRCA2', 'COL4A1', 'MMP1', 'BRAF', 'COL4A2', 'MMP9', 'MLH1', 'COL4A4', 'SPI1', 'IKBKB', 'MDM2', 'ARNT2', 'ITGAV', 'ITGB1', 'AKT3', 'EGLN2', 'DAPK3', 'EGLN3', 'DAPK1', 'PIAS1', 'FGF20', 'RELA', 'APPL1', 'FH', 'VEGFA', 'HSP90AA1', 'VEGFC', 'VEGFB', 'WNT5B', 'CCND1', 'TRAF4', 'BCL2', 'PDGFA', 'FGF22', 'PDGFB', 'BCL2L1', 'PDGFRA', 'MSH2', 'VHL', 'VEGFD', 'RALBP1', 'HSP90AB1', 'MSH3', 'CRK', 'CYCS', 'CRKL', 'CCNE1', 'DCC', 'CDC42', 'CDH1', 'SOS2', 'E2F1', 'CHUK', 'ZBTB16', 'RAF1', 'PRKCB', 'PRKCA', 'SLC2A1', 'CEBPA', 'FADD', 'RHOA', 'RAD51', 'ELOC', 'PRKCG', 'ELOB', 'CXCL8', 'RAC2', 'DVL3', 'ERBB2', 'DVL2', 'BID', 'TGFA', 'RAC3', 'RXRB', 'RXRG', 'RXRA', 'RASSF1', 'DVL1', 'SKP2', 'RET', 'MAPK3', 'TCF7', 'DAPK2', 'FGF19', 'RAC1', 'SOS1', 'TCF7L2', 'MAPK1', 'MAPK8', 'EGFR', 'EP300', 'EPAS1', 'GSK3B', 'CDKN2A', 'CDKN1B', 'CDKN1A', 'EGF', 'LAMA3', 'LAMA2', 'CDKN2B', 'ARAF', 'AR', 'ITGA6', 'ITGA2', 'GLI1', 'EGLN1', 'CDK2', 'BMP4', 'CDK4', 'BMP2', 'GLI2', 'PPARG', 'GLI3', 'PPARD', 'TP53', 'E2F3', 'E2F2', 'PIK3CA', 'PIK3CB', 'CCNE2', 'CDK6', 'FAS', 'KLK3', 'PIK3CD', 'FASLG', 'FZD2', 'HDAC1', 'HDAC2', 'PIK3CG', 'CKS1B', 'IL6', 'NTRK1', 'PIK3R1', 'PIK3R2']"
KEGG,KEGG_PROSTATE_CANCER,"['CASP9', 'SOS2', 'E2F1', 'CHUK', 'RAF1', 'IGF1', 'CREB3L4', 'MTOR', 'CREB3L1', 'PDGFD', 'NKX3-1', 'IGF1R', 'GSTP1', 'CREB3', 'CREBBP', 'LEF1', 'BAD', 'INS', 'PDGFRB', 'ERBB2', 'MAP2K2', 'TGFA', 'BRAF', 'MAP2K1', 'FGFR2', 'PDPK1', 'IKBKB', 'MDM2', 'RB1', 'CREB1', 'AKT1', 'AKT2', 'FGFR1', 'AKT3', 'NRAS', 'GRB2', 'CREB5', 'MAPK3', 'TCF7', 'NFKB1', 'INSRR', 'NFKBIA', 'SOS1', 'TCF7L2', 'MAPK1', 'PIK3R5', 'IKBKG', 'HRAS', 'EP300', 'EGFR', 'RELA', 'PDGFC', 'GSK3B', 'KRAS', 'CDKN1B', 'EGF', 'CDKN1A', 'CTNNB1', 'HSP90AA1', 'ARAF', 'AR', 'CREB3L3', 'HSP90B1', 'SRD5A2', 'CREB3L2', 'CCND1', 'PTEN', 'PIK3R3', 'BCL2', 'PDGFA', 'PDGFB', 'TCF7L1', 'FOXO1', 'PDGFRA', 'CDK2', 'HSP90AB1', 'TP53', 'E2F3', 'E2F2', 'PIK3CA', 'PIK3CB', 'CCNE2', 'PIK3CD', 'KLK3', 'ATF4', 'PIK3CG', 'CCNE1', 'PIK3R1', 'PIK3R2']"
KEGG,KEGG_REGULATION_OF_ACTIN_CYTOSKELETON,"['BRK1', 'FN1', 'ENAH', 'DIAPH1', 'SSH2', 'RRAS2', 'ITGA11', 'ROCK1', 'PTK2', 'MYL7', 'ARHGEF7', 'ARPC4', 'CD14', 'FGD3', 'ARPC5', 'MYL12A', 'NRAS', 'ARPC1B', 'ARPC3', 'TIAM1', 'SCIN', 'PAK6', 'PFN1', 'PFN2', 'PIK3R5', 'IQGAP3', 'KRAS', 'CFL2', 'CFL1', 'MYL2', 'MYLK', 'BDKRB1', 'MYL5', 'PIP5K1C', 'BDKRB2', 'CSK', 'MYL10', 'APC', 'PIP4K2C', 'MYH9', 'ARPC5L', 'MYH10', 'ARHGEF4', 'FGF9', 'FGF8', 'FGF7', 'FGF6', 'FGF5', 'WAS', 'PDGFD', 'FGF3', 'FGF4', 'FGF1', 'FGF2', 'FGD1', 'PPP1R12A', 'FGF21', 'ACTN4', 'ACTN1', 'MAP2K2', 'MAP2K1', 'ARHGEF12', 'FGFR2', 'FGFR4', 'FGFR3', 'FGFR1', 'FGF14', 'FGF17', 'FGF16', 'FGF10', 'FGF11', 'IQGAP1', 'FGF12', 'PPP1CC', 'FGF13', 'PPP1CB', 'ACTG1', 'ITGA10', 'HRAS', 'ITGA8', 'PFN3', 'FGF23', 'LIMK2', 'LIMK1', 'FGF18', 'MYL12B', 'PIP4K2A', 'ACTB', 'ROCK2', 'MOS', 'PIK3R3', 'TMSB4Y', 'GIT1', 'MSN', 'ARPC1A', 'BAIAP2', 'IQGAP2', 'NCKAP1', 'VAV3', 'ABI2', 'F2', 'F2R', 'ARHGEF6', 'ITGA9', 'ITGAL', 'ITGAM', 'ITGAD', 'ITGAE', 'PAK4', 'ITGA4', 'ITGA3', 'ITGA2B', 'APC2', 'ITGA7', 'ITGA5', 'MYH14', 'PDGFRB', 'PIP4K2B', 'WASF2', 'BRAF', 'SLC9A1', 'DIAPH3', 'VAV1', 'WASF1', 'ITGB3', 'PIKFYVE', 'ITGB4', 'ITGB5', 'DOCK1', 'ITGB6', 'PIP5K1A', 'ITGB7', 'PIP5K1B', 'ITGAV', 'ITGB1', 'ITGAX', 'VAV2', 'ITGB2', 'FGF20', 'PFN4', 'GNA12', 'PDGFC', 'VCL', 'GNA13', 'CHRM1', 'CHRM2', 'CYFIP1', 'CHRM4', 'CHRM3', 'ITGB8', 'RDX', 'PXN', 'CYFIP2', 'PAK5', 'PDGFA', 'FGF22', 'PDGFB', 'PDGFRA', 'TMSB4X', 'BCAR1', 'PAK1', 'CRK', 'EZR', 'CRKL', 'CDC42', 'ACTN2', 'ACTN3', 'SOS2', 'PAK3', 'RAF1', 'PAK2', 'MYL9', 'RHOA', 'TMSB4XP8', 'INS', 'MYLPF', 'RAC2', 'WASL', 'CHRM5', 'RAC3', 'MYLK2', 'SSH3', 'PPP1CA', 'MAPK3', 'ARHGAP35', 'INSRR', 'ARPC2', 'FGF19', 'RAC1', 'SOS1', 'MAPK1', 'GSN', 'EGFR', 'EGF', 'SSH1', 'NCKAP1L', 'RRAS', 'ARAF', 'GNG12', 'MRAS', 'ITGA6', 'DIAPH2', 'ITGA2', 'ITGA1', 'TIAM2', 'PIK3CA', 'PIK3CB', 'PIK3CD', 'ARHGEF1', 'MYLK3', 'PIK3CG', 'PIK3R1', 'PIK3R2']"
PID,PID_ATF2_PATHWAY,"['JUNB', 'CDK4', 'ESR1', 'NOS2', 'HRK', 'DDIT3', 'PDGFRA', 'MACROH2A1', 'BCL2', 'EP300', 'SOCS3', 'PLAU', 'IL23A', 'ARG1', 'MAPK8', 'GADD45A', 'DUSP1', 'JDP2', 'DUSP10', 'SELE', 'MAPK14', 'CBFB', 'DUSP8', 'MAPK1', 'TGFB2', 'CXCL8', 'RB1', 'PRKCA', 'MAPK3', 'CUL3', 'ACHE', 'CCND1', 'CCNA2', 'DUSP5', 'ATF3', 'RUVBL2', 'CREB1', 'KAT5', 'MMP2', 'JUN', 'JUND', 'IFNG', 'HES1', 'BRCA1', 'TH', 'POU2F1', 'MAPK11', 'ATF2', 'NF1', 'INS', 'MAPK9', 'SERPINB5', 'COL24A1', 'BCL2L1', 'PPARGC1A', 'CSRP2', 'HBG2', 'FOS', 'IL6']"
PID,PID_FGF_PATHWAY,"['STAT1', 'AKT1', 'PIK3R1', 'JUN', 'FGFR1', 'FGF23', 'PLAUR', 'GAB1', 'FGF18', 'PLCG1', 'FGFR2', 'NCAM1', 'FGF2', 'FGFR3', 'FGF1', 'PDPK1', 'IL17RD', 'MAPK1', 'RUNX2', 'RPS6KA1', 'PLAU', 'CTNND1', 'SSH1', 'STAT5B', 'PTK2B', 'FGF17', 'CBL', 'CDH2', 'CAMK2A', 'CDH1', 'KLB', 'PTPN11', 'FGF9', 'MAPK3', 'FGF4', 'SRC', 'FGF8', 'SPRY2', 'SPP1', 'FOS', 'MET', 'MMP9', 'FRS2', 'SHC1', 'BGLAP', 'SDC2', 'FGF6', 'GRB2', 'HGF', 'CTTN', 'PIK3CA', 'SOS1', 'FGFR4', 'FGF19', 'PAK4']"
PID,PID_INTEGRIN3_PATHWAY,"['COL4A5', 'VEGFA', 'LAMB1', 'L1CAM', 'ITGA2B', 'CCN1', 'COL4A6', 'FGG', 'LAMA4', 'COL4A1', 'EDIL3', 'F11R', 'IBSP', 'PDGFB', 'FBN1', 'PDGFRB', 'FGB', 'FN1', 'COL4A3', 'SPHK1', 'TGFBR2', 'ITGB3', 'SPP1', 'COL1A1', 'COL1A2', 'LAMC1', 'TGFBI', 'TNC', 'PECAM1', 'PLAUR', 'VTN', 'PLAU', 'KDR', 'ITGAV', 'COL4A4', 'CD47', 'HMGB1', 'FGA', 'THY1', 'THBS1', 'SDC4', 'PVR', 'SDC1']"
PID,PID_LIS1_PATHWAY,"['IQGAP1', 'CDC42', 'CSNK2A1', 'VLDLR', 'LRPAP1', 'NUDC', 'PAFAH1B2', 'CDK5', 'CDK5R2', 'ABL1', 'RAC1', 'YWHAE', 'CDK5R1', 'PLA2G7', 'CLIP1', 'LRP8', 'DAB1', 'DCX', 'MAP1B', 'PPP2R5D', 'NDEL1', 'RELN', 'PAFAH1B3', 'DYNC1H1', 'KATNA1', 'DYNLT1', 'PAFAH1B1', 'RHOA']"
PID,PID_MYC_REPRESS_PATHWAY,"['NFYA', 'HDAC3', 'ITGA6', 'TJP2', 'SFRP1', 'ID2', 'TMEM126A', 'IRF8', 'SMAD2', 'ALDH9A1', 'SMAD3', 'SLC11A1', 'WNT5A', 'ERBB2', 'MYC', 'CEBPA', 'CCL5', 'CSDE1', 'FTH1', 'MAX', 'CLU', 'NDRG1', 'BCL2', 'ITGB4', 'DNMT3A', 'GTF2H2', 'DDIT3', 'TBP', 'COL1A2', 'HDAC1', 'MXD4', 'SMAD4', 'TMEFF2', 'CFLAR', 'ZFP36L1', 'HMGCS2', 'CEBPD', 'GADD45A', 'S100A7', 'RBL1', 'SFXN3', 'SPI1', 'CDKN1A', 'ITGB1', 'GFI1', 'NFYC', 'SP1', 'CDKN2B', 'EP300', 'CDKN1B', 'ZBTB17', 'CREB1', 'LGALS1', 'PTPA', 'DNTT', 'FOXO3', 'TSC2', 'BRCA1', 'NFYB', 'CCND1', 'NDRG2', 'DKK1', 'PDGFRB']"
PID,PID_NECTIN_PATHWAY,"['AFDN', 'PTPRM', 'RAC1', 'CTNNA1', 'ITGAV', 'CLDN1', 'TLN1', 'RAP1A', 'RAP1B', 'RAPGEF1', 'PDGFB', 'NECTIN1', 'F11R', 'PIP5K1C', 'VAV2', 'PVR', 'CDH1', 'PTK2', 'CTNNB1', 'PDGFRB', 'ITGB3', 'FARP2', 'NECTIN2', 'NECTIN3', 'PIK3R1', 'SRC', 'CDC42', 'PIK3CA', 'CRK', 'IQGAP1']"
PID,PID_PDGFRA_PATHWAY,"['PIK3CA', 'CAV1', 'CRKL', 'GRB2', 'RAPGEF1', 'PIK3R1', 'ITGAV', 'JAK1', 'SHF', 'IFNG', 'PLCG1', 'FOS', 'PDGFRA', 'SHC1', 'SHB', 'CAV3', 'JUN', 'CSNK2A1', 'ELK1', 'SRF', 'SOS1', 'CRK']"
PID,PID_PDGFRB_PATHWAY,"['SOS1', 'RAC1', 'BCAR1', 'ARPC4', 'MAPK1', 'HCK', 'FOS', 'PIK3R5', 'RAPGEF1', 'STAT5B', 'MYOCD', 'PAG1', 'WASF2', 'JUND', 'ARPC3', 'PPP2CA', 'FYN', 'MAPK10', 'YES1', 'GAB1', 'LRP1', 'DOK1', 'NCK2', 'BAIAP2', 'SLC9A3R1', 'ELK1', 'EPS8', 'PRKCA', 'PRKCD', 'CTTN', 'ARPC1B', 'DOCK4', 'ACTN4', 'PDGFRB', 'MAPK3', 'STAT1', 'VAV2', 'WASL', 'KRAS', 'LCK', 'ACTA2', 'YWHAQ', 'DNM2', 'ABI1', 'EIF2AK2', 'ARHGAP35', 'MAP2K2', 'ARAP1', 'JUN', 'CYFIP2', 'PIK3CA', 'RAB4A', 'PTPN11', 'RASA1', 'RAF1', 'PIN1', 'PIK3CG', 'SPHK1', 'ITGAV', 'ARPC5', 'PTPN1', 'PTPN2', 'PLCG1', 'PIK3R6', 'FGR', 'PIK3CB', 'ARHGDIA', 'YWHAH', 'PPP2R1A', 'PAK1', 'CRK', 'BRAF', 'MYC', 'SFN', 'YWHAE', 'SHC1', 'SRF', 'NCKAP1', 'AFDN', 'PRKCE', 'JAK2', 'S1PR1', 'NCK1', 'PTPRJ', 'BRK1', 'ACTR3', 'YWHAG', 'PTEN', 'NRAS', 'PPP2R2B', 'CSK', 'ACTR2', 'BLK', 'MAPK8', 'RPS6KA3', 'TAGLN', 'HRAS', 'ARPC2', 'YWHAZ', 'SIPA1', 'CBL', 'STAT3', 'GRB2', 'ITGB3', 'PDGFB', 'KSR1', 'PIK3R3', 'STAT5A', 'MAPK9', 'GRB10', 'SLA', 'RAP1B', 'SLC9A3R2', 'MAP2K7', 'MAP2K4', 'RHOA', 'MAP2K1', 'ABL1', 'LYN', 'SRC', 'RAP1A', 'PLA2G4A', 'YWHAB', 'USP6NL', 'PIK3R1', 'PIK3CD', 'RAB5A', 'IQGAP1', 'PIK3R2']"
PID,PID_PTP1B_PATHWAY,"['LEPR', 'PDGFRB', 'TXN', 'SPRY2', 'ITGA2B', 'SRC', 'INS', 'DOK1', 'STAT3', 'RHOA', 'CAV1', 'CRK', 'CSN2', 'JAK2', 'CAPN1', 'STAT5B', 'FER', 'PTPN1', 'AKT1', 'LEP', 'TYK2', 'LYN', 'LAT', 'YBX1', 'CSF1R', 'STAT5A', 'PDGFB', 'ITGB3', 'TRPV6', 'PIK3R1', 'SOCS3', 'BCAR1', 'CDH2', 'YES1', 'INSR', 'BLK', 'CSF1', 'EGF', 'HCK', 'NOX4', 'PRL', 'PRLR', 'SHC1', 'CSK', 'GRB2', 'FCGR2A', 'IRS1', 'FGR', 'FYN', 'LCK', 'PIK3CA', 'EGFR']"
PID,PID_REELIN_PATHWAY,"['LRP8', 'ITGA3', 'CBL', 'MAPK8', 'MAP1B', 'MAP2K7', 'NCK2', 'MAPT', 'PIK3R1', 'CRKL', 'ARHGEF2', 'LRPAP1', 'GSK3B', 'VLDLR', 'RAPGEF1', 'DAB1', 'CDK5R1', 'AKT1', 'MAP3K11', 'ITGB1', 'RELN', 'RAP1A', 'PIK3CA', 'CDK5', 'FYN', 'GRIN2B', 'PAFAH1B1', 'GRIN2A']"
PID,PID_S1P_S1P1_PATHWAY,"['PLCG1', 'RHOA', 'KDR', 'GNAO1', 'PTGS2', 'MAPK1', 'S1PR1', 'VEGFA', 'ITGAV', 'SPHK1', 'RAC1', 'ITGB3', 'GNAZ', 'PLCB2', 'PDGFRB', 'ABCC1', 'GNAI2', 'PDGFB', 'GNAI3', 'MAPK3', 'GNAI1']"
PID,PID_S1P_S1P3_PATHWAY,"['PDGFB', 'GNAI2', 'GNA14', 'GNAO1', 'GNA15', 'GNA12', 'AKT1', 'SRC', 'VEGFA', 'ITGAV', 'MAPK1', 'PDGFRB', 'FLT1', 'AKT3', 'ITGB3', 'S1PR3', 'GNAQ', 'CXCR4', 'S1PR2', 'GNA11', 'JAK2', 'GNAI3', 'MAPK3', 'GNA13', 'S1PR1', 'GNAZ', 'GNAI1', 'RAC1', 'RHOA']"
PID,PID_SHP2_PATHWAY,"['EGFR', 'NTRK2', 'RHOA', 'GNAI3', 'IL2', 'NTF4', 'IL2RA', 'IL6R', 'IRS1', 'SOS1', 'ANGPT1', 'EGF', 'IFNG', 'NRAS', 'NOS3', 'PRKACA', 'FRS2', 'TEK', 'IL2RG', 'NTRK3', 'NTRK1', 'IFNGR1', 'STAT1', 'PDGFRB', 'GNAI1', 'BDNF', 'ARHGAP35', 'PIK3CA', 'PTPN11', 'JAK2', 'GRB2', 'MAP2K1', 'IL2RB', 'AFDN', 'PDGFB', 'KRAS', 'FRS3', 'PAG1', 'PIK3R1', 'SDC2', 'GAB2', 'JAK1', 'IGF1R', 'RAF1', 'LMO4', 'LCK', 'IL6ST', 'SHC1', 'IL6', 'VEGFA', 'KDR', 'MAP2K2', 'GAB1', 'HRAS', 'JAK3', 'NTF3', 'NGF']"
PID,PID_TCPTP_PATHWAY,"['HGF', 'CREBBP', 'KPNA2', 'PIK3R2', 'PIK3CA', 'PTPN1', 'GRB2', 'PDGFRB', 'PIK3CD', 'KDR', 'CSF1R', 'EIF2AK2', 'PTPN2', 'PIK3R1', 'PDGFB', 'CSF1', 'JAK3', 'EGF', 'PIAS1', 'ITGA1', 'RAB4A', 'INS', 'SHC1', 'STAT3', 'LMAN1', 'SRC', 'VEGFA', 'PIK3CB', 'GAB1', 'ITGB1', 'JAK1', 'STAT1', 'KPNB1', 'STAT5A', 'INSR', 'SOS1', 'MET', 'STAT6', 'STAT5B', 'EGFR', 'PIK3R3', 'ATR']"
PID,PID_UPA_UPAR_PATHWAY,"['ELANE', 'MMP12', 'MMP3', 'PDGFD', 'VTN', 'FGA', 'VLDLR', 'TGFB1', 'ITGA5', 'GPLD1', 'KLK4', 'FPR1', 'LRP1', 'FN1', 'PDGFRB', 'NCL', 'ITGB5', 'ITGAM', 'RAC1', 'ITGB3', 'CRK', 'DOCK1', 'EGFR', 'HGF', 'PLAUR', 'PLG', 'PLAU', 'CTSG', 'MMP9', 'FPR3', 'SERPINE1', 'FGB', 'MMP13', 'BCAR1', 'FGG', 'CTRC', 'ITGB1', 'ITGB2', 'SRC', 'ITGA3', 'ITGAV', 'FPR2']"
PID,PID_UPA_UPAR_PATHWAY,"['ELANE', 'MMP12', 'MMP3', 'PDGFD', 'VTN', 'FGA', 'VLDLR', 'TGFB1', 'ITGA5', 'GPLD1', 'KLK4', 'FPR1', 'LRP1', 'FN1', 'PDGFRB', 'NCL', 'ITGB5', 'ITGAM', 'RAC1', 'ITGB3', 'CRK', 'DOCK1', 'EGFR', 'HGF', 'PLAUR', 'PLG', 'PLAU', 'CTSG', 'MMP9', 'FPR3', 'SERPINE1', 'FGB', 'MMP13', 'BCAR1', 'FGG', 'CTRC', 'ITGB1', 'ITGB2', 'SRC', 'ITGA3', 'ITGAV', 'FPR2']"
WP,WP_ALLOGRAFT_REJECTION,"['TNF', 'GABPA', 'GZMB', 'HLA-DRB1', 'HLA-DRA', 'TGFB1', 'CSNK2A2', 'GDNF', 'IL2RA', 'HLA-DQB1', 'IL2', 'HLA-DQA2', 'FAS', 'HLA-DQA1', 'FASLG', 'HLA-DPB1', 'IL1B', 'HLA-DPA1', 'C1QA', 'C1QB', 'TUBA1B', 'C1QC', 'CASP3', 'CD40', 'CD40LG', 'C2', 'GNLY', 'C3', 'CCL19', 'CCL21', 'PRF1', 'PDGFRA', 'HLA-F', 'HLA-E', 'PRKCZ', 'IL5', 'CASP7', 'HLA-DRB5', 'CXCR5', 'C4A', 'CASP8', 'LRRK2', 'IL4', 'C4B', 'CASP9', 'C5', 'C6', 'IL17A', 'CXCL11', 'VEGFA', 'ABCB1', 'STAT1', 'IL21', 'BHMT2', 'IFNG', 'C7', 'C8A', 'CXCL8', 'C8B', 'HLA-G', 'PECR', 'C9', 'CXCL9', 'IL22', 'VIM', 'CXCL12', 'MICA', 'HARS1', 'IL1A', 'IL13', 'HLA-DOB', 'HLA-DOA', 'CTLA4', 'IL12B', 'IL12A', 'AGTR1', 'HLA-DMB', 'HLA-DMA', 'HLA-C', 'HLA-B', 'HLA-A', 'COL5A1', 'CD28', 'CD80', 'IL10', 'CD86', 'CXCL13', 'FOXP3', 'CD55']"
WP,WP_ANGIOGENESIS,"['TIMP2', 'TEK', 'SMAD1', 'HIF1A', 'MAPK1', 'TIMP3', 'PDGFB', 'VEGFA', 'KDR', 'PDGFRA', 'FGFR2', 'PIK3CA', 'ANGPT1', 'FGF2', 'MAPK14', 'CREBBP', 'FLT1', 'PLCG1', 'ARNT', 'AKT1', 'PTK2', 'SRC', 'NOS3', 'MMP9']"
WP,WP_BILE_ACIDS_SYNTHESIS_AND_ENTEROHEPATIC_CIRCULATION,"['ABCG8', 'MIR6886', 'ABCG5', 'MAPK1', 'MAPK3', 'FGF19', 'SLC10A2', 'SLC10A1', 'FGFR4', 'CYP7A1', 'FXR1', 'LDLR', 'ABCB11']"
WP,WP_BLOOD_CLOTTING_CASCADE,"['VWF', 'PLG', 'SERPINE1', 'SERPINB2', 'SERPINF2', 'F7', 'FGA', 'F13B', 'F5', 'F3', 'F12', 'F8A1', 'F11', 'KLK1', 'F10', 'KLKB1', 'F9', 'F2', 'F8', 'FGG', 'FGB', 'PLAT', 'PLAU']"
WP,WP_CARDIAC_PROGENITOR_DIFFERENTIATION,"['POU5F1', 'TGFB1', 'IGF2', 'NRG1', 'IGF1', 'INS', 'ROR2', 'MYLK3', 'MEF2C', 'GATA4', 'FOXA2', 'SOX17', 'PDGFRA', 'CXCR4', 'TNNI3', 'ZFP42', 'MESP1', 'NOTCH1', 'SIRPA', 'NANOG', 'LIN28A', 'TBX5', 'BMP1', 'SCN5A', 'IRX4', 'LIN28B', 'ANPEP', 'NKX2-5', 'PAX6', 'NOG', 'KIT', 'BMP4', 'FGF2', 'MAPK14', 'TNNT2', 'ACTC1', 'MYH6', 'DKK1', 'WNT3A', 'KDR', 'ISL1', 'NCAM1', 'TBXT', 'THY1', 'GSK3B', 'MESP2', 'NODAL', 'INHBA', 'TBX20', 'SOX1', 'MYL2', 'SOX2', 'MIXL1']"
WP,WP_COMPLEMENT_AND_COAGULATION_CASCADES,"['PLG', 'SERPINA1', 'CD46', 'SERPINF2', 'F7', 'F5', 'F3', 'CR2', 'F2R', 'CLTC', 'CR1', 'F2', 'SERPING1', 'C1QA', 'C1QB', 'C1QC', 'C1R', 'C1S', 'C2', 'LMAN1', 'C3', 'C3AR1', 'VWF', 'THBD', 'F13B', 'SERPIND1', 'F12', 'CLU', 'MASP2', 'F10', 'F9', 'F8', 'C4B', 'SERPINA5', 'PROC', 'C5AR1', 'PROS1', 'C6', 'MIR6843', 'CPB2', 'CFD', 'KLKB1', 'C7', 'FGB', 'C8G', 'C9', 'TFPI', 'SERPINE1', 'CFH', 'SERPINC1', 'CFI', 'KNG1', 'BDKRB1', 'PLAT', 'PLAU', 'PLAUR', 'CFB', 'MASP1', 'CD55']"
WP,WP_EGFR_TYROSINE_KINASE_INHIBITOR_RESISTANCE,"['HGF', 'NRG2', 'RPS6KB2', 'PRKCG', 'RPS6KB1', 'NRAS', 'IGF1R', 'NRG1', 'RPS6', 'CCND1', 'JAK1', 'BCL2L11', 'JAK2', 'BRAF', 'BCL2', 'MYC', 'BCL2L1', 'IGF1', 'GAS6', 'AXL', 'PLCG1', 'NF1', 'PRKCA', 'PLCG2', 'PRKCB', 'SHC4', 'FOXO3', 'EIF4EBP1', 'EIF4E', 'GAB1', 'RRAS2', 'SHC2', 'PDGFA', 'MAPK1', 'PDGFB', 'MAPK3', 'PDGFRA', 'IL6R', 'EIF4E2', 'PDGFD', 'IL6', 'ARAF', 'MTOR', 'AKT1', 'RRAS', 'AKT2', 'SHC3', 'SRC', 'KRAS', 'VEGFA', 'MET', 'SOS1', 'STAT3', 'HRAS', 'BAD', 'EGF', 'PDGFC', 'FGF2', 'GRB2', 'PDGFRB', 'MRAS', 'PIK3R3', 'EGFR', 'PIK3R1', 'PIK3R2', 'KDR', 'SHC1', 'TGFA', 'RAF1', 'FGFR2', 'ERBB3', 'ERBB2', 'FGFR3', 'PIK3CA', 'PDPK1', 'PIK3CB', 'BAX', 'PIK3CD', 'PTEN', 'GSK3B', 'AKT3', 'SOS2', 'MAP2K1', 'MAP2K2']"
WP,WP_ESC_PLURIPOTENCY_PATHWAYS,"['PTPN11', 'MIR4683', 'ACTR2', 'FGF22', 'DVL1', 'ACVR1', 'DVL3', 'GAB1', 'DVL2', 'PDGFA', 'PDGFB', 'MIR6808', 'PDGFRA', 'WNT4', 'ARAF', 'FGF18', 'FGF20', 'SOS1', 'AXIN1', 'STAT3', 'ERAS', 'HRAS', 'NOG', 'MDM2', 'HNF1A', 'WNT16', 'BMP4', 'BMPR1A', 'FZD5', 'FZD3', 'PDGFRB', 'BMPR1B', 'BMPR2', 'FGF17', 'FGF16', 'WNT3', 'FZD1', 'FZD4', 'WNT2', 'SMAD1', 'PIK3R2', 'WNT6', 'WNT5A', 'FZD8', 'WNT7B', 'MAPK12', 'WNT7A', 'FZD9', 'SMAD4', 'FZD6', 'FZD7', 'WNT1', 'PIK3CD', 'MAP2K5', 'PTEN', 'MAP2K6', 'AKT3', 'SELENOP', 'MAP2K1', 'MAP2K2', 'MAP2K3', 'WNT9B', 'FOS', 'SMAD5', 'SMAD6', 'WNT10B', 'SMAD7', 'SMAD9', 'WNT2B', 'WNT11', 'JAK1', 'BRAF', 'CTNNB1', 'WNT10A', 'MAPK1', 'MAPK4', 'MAPK6', 'MAPK7', 'IL6ST', 'APC', 'MTOR', 'AKT1', 'AKT2', 'JUN', 'FGF19', 'FGF9', 'FGF8', 'FGF7', 'FGF6', 'FGF5', 'FGF23', 'FGF4', 'FGF3', 'GRB2', 'FGF2', 'EGF', 'FGF1', 'ELK1', 'LIF', 'EGFR', 'LIFR', 'FGF21', 'LRP6', 'LRP5', 'WNT3A', 'RAF1', 'FGFR4', 'FGFR2', 'FGFR3', 'FGFR1', 'GSK3B', 'WNT5B', 'FZD2', 'FGF14', 'FGF13', 'FGF12', 'FGF11', 'FGF10']"
WP,WP_FOCAL_ADHESION,"['HGF', 'CCND1', 'BCL2', 'LAMA1', 'SHC4', 'VWF', 'PDGFA', 'PDGFB', 'PDGFRA', 'FLNB', 'FLNA', 'PXN', 'CHAD', 'VTN', 'TESK2', 'FLNC', 'FLT1', 'PDGFRB', 'ITGA6', 'PIK3R1', 'PIK3R2', 'KDR', 'PAK1', 'ITGA1', 'ITGA2', 'PIK3CA', 'PDPK1', 'PIK3CB', 'PIK3CD', 'PTEN', 'RHOA', 'FN1', 'STYK1', 'PIP5K1C', 'CAPN2', 'MAPK9', 'MYL2', 'MAPK10', 'MAP2K1', 'MYL5', 'MYLK', 'PAK3', 'MIR4260', 'ITGA9', 'ARHGAP35', 'ARHGAP5', 'PAK2', 'CTNNB1', 'ITGA2B', 'ITGA3', 'ITGA4', 'PAK4', 'ITGA5', 'ITGA7', 'ITGB3', 'ITGB4', 'PPP1R12B', 'ITGB5', 'ITGB6', 'ITGB7', 'PDGFD', 'MYL12A', 'ITGAV', 'PPP1CB', 'PPP1CC', 'ACTB', 'TNK2', 'ITGB1', 'PTK2', 'SRC', 'PPP1R12A', 'TNR', 'BCAR1', 'PARVG', 'RAC2', 'RAC3', 'TNXB', 'COL4A4', 'COL4A2', 'COL4A1', 'COL2A1', 'EGF', 'CRKL', 'COL1A2', 'COL1A1', 'CRK', 'ELK1', 'ITGB8', 'PTK6', 'MYL10', 'CAV1', 'ACTG1', 'MYL9', 'CAV2', 'CAV3', 'RAC1', 'SRMS', 'EGFR', 'RAF1', 'COL6A2', 'COL5A2', 'GSK3B', 'LAMA2', 'COL4A6', 'LAMA3', 'ACTN4', 'DIAPH1', 'RELN', 'PAK6', 'ACTN1', 'MIR4758', 'IGF1R', 'LAMB2', 'LAMB3', 'LAMC1', 'PARVB', 'IGF1', 'FGR', 'LAMC2', 'CDC42', 'LAMA4', 'MYLK3', 'LAMA5', 'LAMB1', 'ITGA11', 'SHC2', 'THBS1', 'ROCK2', 'THBS3', 'THBS2', 'TNC', 'TXK', 'BLK', 'VEGFD', 'MYLK2', 'TNK1', 'LINC02478', 'MET', 'SOS1', 'HRAS', 'THBS4', 'TNN', 'ROCK1', 'IBSP', 'CCND2', 'PDGFC', 'PPP1R12C', 'CCND3', 'PARVA', 'ERBB2', 'MYLPF', 'AKT3', 'COL5A3', 'PRKCG', 'BRAF', 'VAV3', 'PRKCA', 'PRKCB', 'MAPK1', 'MAPK3', 'VAV2', 'HCK', 'TLN1', 'RAP1A', 'RAP1B', 'TLN2', 'AKT1', 'MYLK4', 'SHC3', 'AKT2', 'BIRC2', 'PGF', 'VASP', 'VAV1', 'JUN', 'VEGFA', 'SPP1', 'VEGFC', 'VEGFB', 'BIRC3', 'BAD', 'RAPGEF1', 'XIAP', 'ILK', 'GRB2', 'COMP', 'LAMC3', 'MYL7', 'DOCK1', 'MAPK8', 'VCL', 'PIK3R3', 'MIR6852', 'ZYX', 'SHC1', 'PPP1CA', 'FYN', 'ITGA8', 'ITGA10', 'BUB1B-PAK6', 'RASGRF1', 'MYL12B']"
WP,WP_FOCAL_ADHESIONPI3KAKTMTORSIGNALING_PATHWAY,"['HGF', 'TCL1B', 'GNGT2', 'GNGT1', 'OSMR', 'GNG11', 'GNG10', 'GNG7', 'GNG5', 'GNG4', 'LAMA1', 'GNG3', 'GNB3', 'GNB2', 'INS', 'GNG13', 'PPARGC1A', 'RAB10', 'NOS1', 'NOS2', 'FOXO3', 'NOS3', 'ULK1', 'FOXO1', 'VWF', 'GNG8', 'HIF1A', 'IRS2', 'PDGFA', 'PDGFB', 'PDGFRA', 'CHAD', 'VTN', 'INSR', 'LPAR1', 'PIK3C2A', 'PIK3C2B', 'GHR', 'MDM2', 'FLT4', 'RPTOR', 'FLT1', 'PDGFRB', 'RHEB', 'ITGA6', 'ACACA', 'PIK3CG', 'PIK3R1', 'PIK3R2', 'KDR', 'ITGA2', 'PHLPP2', 'IKBKB', 'PIK3CA', 'PIK3CB', 'PDPK1', 'PIK3CD', 'CAB39L', 'PTEN', 'CHRM2', 'CHRM1', 'FN1', 'AKT1S1', 'CREB3L3', 'RAB14', 'IRS1', 'MAP2K1', 'MAP2K2', 'MIR4260', 'ITGA9', 'ITGAD', 'CDC37', 'ITGAE', 'TSC1', 'ITGAL', 'NRAS', 'RAB2A', 'IL3RA', 'CREB1', 'HSP90AA1', 'IL2RG', 'IL2RB', 'PRLR', 'IL2RA', 'IL2', 'ITGA2B', 'ITGA3', 'ITGA4', 'ITGA5', 'ITGA7', 'PRL', 'TEK', 'ITGB3', 'ITGB4', 'ITGB5', 'ITGB6', 'CREB3L2', 'SREBF1', 'ITGB7', 'IL6R', 'ANGPT1', 'ANGPT2', 'EFNA2', 'EFNA1', 'PDGFD', 'PPP2R3C', 'HSP90AB1', 'CDKN1B', 'CDKN1A', 'IL4R', 'ATF6B', 'IFNA7', 'CASP9', 'MTOR', 'ATF2', 'ITGAV', 'TSC2', 'ITGAX', 'ITGB1', 'ITGB2', 'PTK2', 'EFNA5', 'EFNA4', 'EFNA3', 'TNR', 'TNXB', 'TCL1A', 'PPP2R2B', 'COL4A4', 'FGF9', 'FGF8', 'COL4A2', 'FGF7', 'FGF6', 'COL4A1', 'IRS4', 'COL3A1', 'COL2A1', 'PPP2R1B', 'FGF4', 'FGF3', 'EGF', 'FGF2', 'COL1A2', 'FGF1', 'IFNB1', 'COL1A1', 'IFNAR2', 'IFNAR1', 'IL7R', 'ITGB8', 'PPP2CA', 'PPP2CB', 'EGFR', 'FGF21', 'PPP2R1A', 'LPAR6', 'RAF1', 'FGFR4', 'FGFR2', 'FGFR3', 'COL6A2', 'FGFR1', 'COL5A2', 'PHLPP1', 'GSK3B', 'FGF14', 'FGF13', 'COL5A1', 'FGF12', 'COL4A6', 'LAMA2', 'FGF11', 'LAMA3', 'FGF10', 'PPP2R2C', 'PPP2R3A', 'PIK3IP1', 'PPP2R5A', 'EPHA2', 'PPP2R5B', 'PPP2R5C', 'RELN', 'PPP2R5D', 'PPP2R5E', 'CREB5', 'RPS6KB2', 'RPS6KB1', 'EPAS1', 'MIR4758', 'FGF22', 'LPAR3', 'IGF1R', 'RPS6', 'LAMB2', 'MIR3606', 'LAMB3', 'EIF4B', 'LAMC1', 'F2R', 'EIF4E1B', 'IGF1', 'LAMC2', 'PPP2R2D', 'LAMA4', 'LAMA5', 'EIF4EBP1', 'LAMB1', 'EIF4E', 'ITGA11', 'THBS1', 'THBS3', 'THBS2', 'STRADA', 'RAB11B', 'TNC', 'TBC1D1', 'EIF4E2', 'GNG12', 'VEGFD', 'SLC2A1', 'ANGPT4', 'SLC2A3', 'SLC2A2', 'FGF18', 'SLC2A4', 'RAB8A', 'FGF20', 'PRKAA1', 'PRKAA2', 'LINC02478', 'SOS1', 'MET', 'EPO', 'HRAS', 'THBS4', 'LPAR5', 'TNN', 'IBSP', 'MIR1181', 'HSP90B1', 'KIT', 'PDGFC', 'ELAVL1', 'FGF17', 'FGF16', 'LPAR4', 'MLST8', 'PFKFB4', 'HIF3A', 'DDIT4', 'EPOR', 'AKT3', 'MIR3652', 'CREB3', 'PFKFB1', 'PFKFB2', 'PFKFB3', 'COL5A3', 'CAB39', 'STK11', 'KITLG', 'NGFR', 'JAK1', 'JAK2', 'JAK3', 'NGF', 'MAPK1', 'MAPK3', 'PIK3R4', 'CREB3L1', 'PIK3R5', 'GYS2', 'GYS1', 'COL11A2', 'COL11A1', 'FOXA1', 'CREB3L4', 'AKT1', 'AKT2', 'PGF', 'KRAS', 'PELO', 'SPP1', 'VEGFA', 'FGF19', 'VEGFC', 'VEGFB', 'CSF3', 'BAD', 'CSF1R', 'GNG2', 'CSF1', 'GRB2', 'COMP', 'LAMC3', 'GNB4', 'LIPE', 'GNB1', 'LPAR2', 'CRTC2', 'CSHL1', 'CSH1', 'ATF4', 'CSF3R', 'ITGA8', 'IKBKG', 'ITGA10', 'OSM']"
WP,WP_GENES_CONTROLLING_NEPHROGENESIS,"['NCK1', 'LMX1B', 'SIX1', 'VEGFA', 'CD2AP', 'FOXD1', 'FGF8', 'ROBO2', 'FOXC1', 'LAMB2', 'GDNF', 'KIRREL1', 'FOXC2', 'ILK', 'CTNNB1', 'HOXD11', 'SHH', 'PDGFRB', 'ITGA3', 'TCF21', 'LHX1', 'NPHS1', 'RET', 'NCK2', 'PAX2', 'SLIT2', 'PDGFB', 'KDR', 'CXCL12', 'CXCR4', 'FGFR2', 'WNT4', 'WT1', 'ETV4', 'HOXA11', 'EMX2', 'EYA1', 'ITGA8', 'NOTCH2', 'ITGB1', 'CD36', 'GLI3', 'NPHS2']"
WP,WP_GPCRS_CLASS_A_RHODOPSINLIKE,"['OXTR', 'TRHR', 'OR2S2', 'P2RY4', 'P2RY6', 'P2RY11', 'P2RY13', 'CCR2', 'EDNRA', 'CCR1', 'OPN4', 'P2RY1', 'P2RY2', 'TBXA2R', 'GPR87', 'RHO', 'OR1D2', 'OR1F1', 'OR2C1', 'OR10H3', 'LTB4R', 'GHSR', 'CMKLR1', 'SUCNR1', 'OR2B3', 'OR7C2', 'OR2J3', 'OR10H1', 'OR7A5', 'OR10H2', 'EDNRB', 'ACKR2', 'CCR8', 'ADORA1', 'ADORA2A', 'CCR7', 'CCR6', 'ADORA2B', 'CCR5', 'CCR4', 'OR11A1', 'CCR3', 'OPRD1', 'OPRK1', 'OPRL1', 'OPRM1', 'OPN1LW', 'CHRM4', 'OR7C1', 'CHRM3', 'ADORA3', 'CHRM2', 'GPR83', 'HCAR1', 'OR2A4', 'PTGDR', 'CHRM1', 'ADRA1D', 'ADRA1B', 'ADRA1A', 'OR3A1', 'ACKR4', 'OR3A2', 'PTAFR', 'NPFFR2', 'GPR171', 'ADRA2A', 'ADRA2B', 'ADRA2C', 'ADRB1', 'PTGIR', 'ADRB2', 'ADRB3', 'GALR1', 'CHRM5', 'PTGER1', 'PTGER2', 'PTGER3', 'NPY1R', 'PTGER4', 'DRD5', 'NPY2R', 'NPY6R', 'DRD4', 'DRD3', 'NPY5R', 'DRD2', 'PTGFR', 'C3AR1', 'DRD1', 'OR8D2', 'OR10A5', 'OR2AG1', 'FPR3', 'CNR2', 'FPR2', 'OR2D2', 'CNR1', 'FPR1', 'GPR68', 'OR7A10', 'GPR65', 'FSHR', 'OR6A2', 'OR12D3', 'CXCR2', 'CXCR1', 'OPN1SW', 'MTNR1A', 'OR2H2', 'MTNR1B', 'GRPR', 'GALR3', 'GPR45', 'LPAR6', 'PTGDR2', 'HTR1E', 'OPN3', 'HTR1D', 'HTR1B', 'HTR1A', 'AGTR1', 'AGTR2', 'APLNR', 'OR1C1', 'OR1A2', 'BDKRB1', 'BDKRB2', 'HRH3', 'NMUR2', 'OR2H1', 'SSTR1', 'NPY4R', 'SSTR3', 'SSTR2', 'HTR7', 'HTR6', 'HTR5A', 'F2RL2', 'F2RL1', 'HTR4', 'CYSLTR2', 'F2R', 'HTR2C', 'GPR75', 'HTR2B', 'OR5V1', 'HTR2A', 'HTR1F', 'OR2B2', 'XCR1', 'GPR4', 'GPR3', 'CCR10', 'GPR1', 'OR1E1', 'OR1E2', 'OR1D5', 'CXCR4', 'RGL4', 'OR1A1', 'PRLHR', 'CXCR3', 'NPBWR2', 'NPBWR1', 'GPR6', 'CXCR5', 'CCKAR', 'CCKBR', 'SSTR5', 'SSTR4', 'GALR2', 'GPR15', 'GPR12', 'F2RL3', 'GPR50', 'OR1G1', 'LPAR5', 'OR5F1', 'OR3A3', 'GPR22', 'ACKR3', 'GPR21', 'GPR20', 'OR8B8', 'GPR19', 'GPR18', 'GPR17', 'MAS1L', 'GPR25', 'MCHR1', 'LPAR4', 'OR2J2', 'HCAR3', 'NPFFR1', 'GPR161', 'HRH2', 'CYSLTR1', 'CX3CR1', 'GPR32', 'GPR31', 'GPER1', 'HRH1', 'CCR9', 'GPR27', 'OR10A4', 'GPR35', 'GPR34', 'OR1I1', 'FFAR2', 'FFAR3', 'AVPR1A', 'AVPR1B', 'FFAR1', 'GPR39', 'AVPR2', 'MLNR', 'C5AR2', 'GPR37', 'OR10J1', 'RRH', 'OR1Q1', 'P2RY14', 'NTSR1', 'GPR63', 'CCRL2', 'MAS1', 'OR14J1', 'BRS3', 'P2RY12', 'GPR174', 'P2RY10', 'GPR85', 'GPR173', 'MC1R', 'NTSR2', 'OR6B1', 'GPR37L1', 'HCRTR2', 'HCRTR1', 'OR2F2', 'NMUR1', 'OR2W1', 'NMBR', 'OR7A17', 'OR2B6', 'OR2T1', 'OR2F1', 'LHCGR', 'OR5I1', 'MC5R', 'RABGAP1', 'GPR52', 'MC4R', 'OR1D4', 'OPN1MW', 'MC2R', 'MC3R']"
WP,WP_GPCRS_OTHER,"['OR2H1', 'CELSR1', 'PROKR2', 'ADGRE2', 'SSTR2', 'HTR7', 'GPR88', 'ADRB2', 'LTB4R2', 'F2R', 'OR6C2', 'GPR61', 'C5AR2', 'ADGRL3', 'RXFP3', 'HTR2A', 'HTR1F', 'OR1N1', 'DRD4', 'DRD3', 'NTSR1', 'OR5AC2', 'PTGFR', 'OR1E1', 'P2RY11', 'VN1R1', 'P2RY13', 'TAAR5', 'EDNRA', 'OR7E24', 'OR10A5', 'GRM1', 'CXCR3', 'GNRHR', 'CNR1', 'OR2M4', 'CCKBR', 'GRM8', 'GPR84', 'UTS2R', 'S1PR1', 'GPR143', 'ADGRG1', 'TAAR2', 'ALG6', 'TAAR3P', 'OR1F1', 'OR2A5', 'OR1G1', 'GPR183', 'ADGRL2', 'GHRHR', 'FSHR', 'HRH4', 'OR3A3', 'OR6C3', 'SMO', 'OR8G1', 'OR2A20P', 'CELSR2', 'CELSR3', 'ADORA2A', 'CXCR2', 'GPR18', 'CCR5', 'CXCR1', 'GPR17', 'OR7A17', 'OR2B6', 'ADGRF5', 'OR2F1', 'GPR176', 'OR10A2', 'GRPR', 'ADGRD1', 'GPR135', 'MIR4793', 'LGR6', 'GPR132', 'CHRM3', 'GPR162', 'GPR55', 'ADORA3', 'RXFP1', 'GPR62', 'CHRM2', 'GPR83', 'ADGRE3', 'OR2A4', 'MCHR2', 'ADRA1D', 'ACKR1', 'ADGRV1', 'OR3A1']"
WP,WP_HAIR_FOLLICLE_DEVELOPMENT_ORGANOGENESIS_PART_2_OF_3,"['NFKB1', 'MIR4758', 'CCND1', 'SMO', 'EDA', 'BMP4', 'CCND2', 'MYC', 'CTNNB1', 'EDAR', 'FGF1', 'GTPBP4', 'TP63', 'SHH', 'CDH1', 'LAMA5', 'FZD1', 'LRP5', 'FOXI3', 'PDGFA', 'WNT5A', 'PDGFRA', 'NCAM1', 'FGFR2', 'GLI1', 'RUNX2', 'INHBA', 'GJB6', 'LEF1', 'ITGB1', 'SNAI1', 'PTCH1', 'GLI2']"
WP,WP_HIPPOMERLIN_SIGNALING_DYSREGULATION,"['IGF1R', 'CCND1', 'FOXM1', 'MYC', 'AJUBA', 'CDH1', 'RBX1', 'TAZ', 'LATS1', 'ITGA11', 'PDGFRA', 'SAV1', 'INSR', 'LINC02478', 'MET', 'CDH2', 'CDH20', 'LIN28B', 'HRAS', 'KIT', 'FLT4', 'FLT3', 'FLT1', 'PDGFRB', 'ITGA6', 'PRKAR1A', 'KDR', 'MST1', 'PLCB4', 'ITGA1', 'PRKAR1B', 'PAK1', 'PRKAR2A', 'ITGA2', 'CTNNA1', 'CDH12', 'CCN2', 'CDH10', 'NTRK1', 'CDH9', 'NTRK2', 'CDH8', 'CDH7', 'CDH6', 'DDB1', 'CDH5', 'CDH4', 'CDH3', 'PRKACA', 'PRKACB', 'PRKACG', 'CDH11', 'PAK3', 'CUL4A', 'ITGA9', 'ITGAD', 'TEAD4', 'ITGAE', 'NF2', 'TEAD1', 'ITGAL', 'NRAS', 'ITGAM', 'TEAD3', 'PAK5', 'PAK2', 'NGFR', 'CDH18', 'CDH17', 'YY1AP1', 'CTNNB1', 'CDH16', 'CDH15', 'CDH13', 'PRKAR2B', 'ITGA2B', 'STK3', 'ITGA3', 'ITGA4', 'PAK4', 'ITGA5', 'ITGA7', 'TEK', 'ITGB3', 'ITGB4', 'TEAD2', 'AMOT', 'ITGB5', 'ITGB6', 'ITGB7', 'CDH24', 'CDH22', 'LATS2', 'PPP1R14A', 'CD44', 'ITGAV', 'PPP1CB', 'PPP1CC', 'ITGAX', 'ITGB1', 'ITGB2', 'PTK2', 'PPP1R12A', 'KRAS', 'VGLL4', 'MIR4329', 'CDH19', 'MIR98', 'CSF1R', 'ITGB8', 'EGFR', 'DCAF1', 'PPP1CA', 'FGFR4', 'FGFR2', 'FGFR3', 'FGFR1', 'ITGA8', 'ITGA10', 'EPHA2', 'BUB1B-PAK6', 'PAK6', 'CXCL10']"
WP,WP_HUMAN_COMPLEMENT_SYSTEM,"['CFHR2', 'SFTPA1', 'CD46', 'MIR4758', 'LAMC1', 'CSNK1A1', 'FGG', 'LAMA5', 'LAMB1', 'THBS1', 'WAS', 'MIR197', 'SELE', 'FKBP2', 'SFTPA2', 'F13A1', 'F12', 'TXN', 'F11', 'F10', 'CD93', 'VTN', 'ARRB2', 'ICAM2', 'ICAM1', 'IBSP', 'CFHR4', 'DCN', 'ADM', 'KLKB1', 'CD19', 'ELANE', 'SELP', 'CALR', 'SELL', 'SELPLG', 'VSIG4', 'FCER2', 'ITGA2', 'FCN2', 'ADIPOQ', 'CPN1', 'CFI', 'CRP', 'FCGR3A', 'PRKACA', 'PLAUR', 'C1QBP', 'FCN1', 'PLG', 'CR2', 'CR1', 'C5AR2', 'SERPING1', 'ITGA2B', 'PRKCA', 'CLEC4M', 'C1R', 'C1S', 'CD40', 'C2', 'C3', 'C3AR1', 'ITGB3', 'CFP', 'FGA', 'TLR2', 'MASP2', 'FPR1', 'C4A', 'APCS', 'C4BPA', 'PRNP', 'CD59', 'ITGAX', 'C5', 'ITGB2', 'C5AR1', 'PROS1', 'C6', 'MBL2', 'SPP1', 'LRP2', 'GNAI2', 'C7', 'ALB', 'CFD', 'C8A', 'APOA1', 'FGB', 'C9', 'GNA15', 'RPS19', 'CFH', 'PTX3', 'GNAI3', 'MASP1', 'CFB', 'CD55']"
WP,WP_IMATINIB_AND_CHRONIC_MYELOID_LEUKEMIA,"['ABL1', 'ABCB1', 'LYL1', 'PDGFRA', 'PIM2', 'SPRED2', 'PIM1', 'KIT', 'CSF1R', 'NOP2', 'MYC', 'CDKN1B', 'MIR1204', 'FLT1', 'BCR', 'ABCG2', 'PDGFRB', 'SKP2', 'GAB2', 'FOXO3', 'GADD45A']"
WP,WP_MACROPHAGE_MARKERS,"['CD14', 'CD163', 'RAC2', 'CD74', 'CD86', 'LYZ', 'CD83', 'CD68', 'F3']"
WP,WP_MAPK_SIGNALING_PATHWAY,"['MAP3K11', 'MAP4K1', 'MAP3K6', 'MYC', 'FAS', 'FASLG', 'MAPK8IP3', 'LAMTOR3', 'PDGFA', 'PDGFB', 'FLNB', 'FLNA', 'ARAF', 'RRAS', 'CACNG5', 'MAP3K20', 'CACNG4', 'FLNC', 'CD14', 'MAPKAPK5', 'PDGFRB', 'RELA', 'RELB', 'MIR935', 'PAK1', 'IL1A', 'HSPA6', 'IKBKB', 'MAP2K5', 'MAP2K6', 'HSPA2', 'MAP2K7', 'HSPA1L', 'HSPA1B', 'PLA2G4B', 'HSPA1A', 'MAPK11', 'MAPK9', 'MAPK10', 'MAPK13', 'MAP2K1', 'MAP2K2', 'MAP2K3', 'TNF', 'NFATC1', 'NRAS', 'FOS', 'CACNG8', 'CACNG6', 'CACNG7', 'PAK2', 'HSPB1', 'RASGRP3', 'IL1R1', 'HSPA8', 'IL1B', 'NF1', 'MKNK1', 'CASP3', 'TNFRSF1A', 'MAP4K2', 'TAOK1', 'MAP3K2', 'CHUK', 'LRRK2', 'ATF2', 'NFATC3', 'NFKB1', 'RAC2', 'NFKB2', 'RAC3', 'MAP4K4', 'FGF9', 'FGF8', 'FGF7', 'FGF6', 'FGF5', 'FGF4', 'FGF3', 'ELK4', 'EGF', 'FGF2', 'CRKL', 'FGF1', 'CRK', 'ELK1', 'SRF', 'MRAS', 'TAOK3', 'RAC1', 'EGFR', 'FGF21', 'PPP3CA', 'TP53', 'RAF1', 'PPP3CB', 'FGFR4', 'FGFR2', 'FGFR3', 'FGFR1', 'RAPGEF2', 'RASGRP4', 'TAB2', 'DUSP2', 'DUSP1', 'FGF14', 'FGF13', 'FGF12', 'FGF11', 'FGF10', 'CACNA1H', 'CACNA1G', 'BDNF', 'DUSP7', 'CACNA1I', 'DUSP6', 'DUSP4', 'DUSP3', 'RPS6KA3', 'TAOK2', 'TGFB3', 'TGFBR1', 'TGFBR2', 'FGF22', 'TGFB1', 'PPP5D1', 'TGFB2', 'MAP4K3', 'DUSP9', 'CDC25B', 'DUSP8', 'PPP3CC', 'DUSP10', 'CDC42', 'PPP3R1', 'PPP3R2', 'PPP5C', 'PTPN7', 'DAXX', 'MEF2C', 'RRAS2', 'IL1R2', 'MAP3K7', 'MAPK8IP1', 'STMN1', 'GNG12', 'PLA2G4F', 'MAP3K1', 'MAP3K4', 'ARRB1', 'MAP3K5', 'FGF18', 'ARRB2', 'FGF20', 'TRAF2', 'TRAF6', 'PLA2G4A', 'SOS1', 'HRAS', 'MAPK8IP2', 'PTPN5', 'PLA2G4D', 'CACNA1A', 'CACNA1B', 'NTF3', 'CACNA1C', 'NTF4', 'CACNA1D', 'CACNA1E', 'CACNA1F', 'CACNA1S', 'FGF17', 'FGF16', 'RASGRP2', 'NLK', 'CACNA2D2', 'MAPK12', 'RPS6KA5', 'NTRK1', 'CACNA2D1', 'NTRK2', 'CACNB1', 'CACNB2', 'CACNB3', 'CACNB4', 'CACNG1', 'AKT3', 'PRKACA', 'SOS2', 'PRKACB', 'MAP2K4', 'PRKACG', 'MAPKAPK3', 'RASGRP1', 'DDIT3', 'CACNG2', 'GADD45A', 'CACNG3', 'PRKCD', 'PRKCG', 'NR4A1', 'MAPKAPK2', 'MAP3K14', 'BRAF', 'STK3', 'PRKCA', 'PLA2G4C', 'STK4', 'TAB1', 'NGF', 'MAPK1', 'MAPK3', 'RPS6KA4', 'MAPK7', 'CACNA2D4', 'DUSP16', 'JUND', 'RAP1A', 'ECSIT', 'RAP1B', 'MKNK2', 'MAPT', 'AKT1', 'AKT2', 'KRAS', 'JUN', 'FGF19', 'MAP3K12', 'MIR4523', 'FGF23', 'GNA12', 'GRB2', 'MAPK14', 'MAPK8', 'MAX', 'PPM1A', 'PPM1B', 'MAP3K13', 'PLA2G4E', 'MAP3K8', 'MIR3917', 'CACNA2D3', 'ATF4', 'IKBKG', 'RASA1', 'PTPRR', 'RASA2', 'RASGRF1', 'RASGRF2']"
WP,WP_MIRNA_REGULATION_OF_PROSTATE_CANCER_SIGNALING_PATHWAYS,"['MIR19B2', 'MIR200A', 'MIR4763', 'MIR30D', 'CCND1', 'BCL2', 'KLK3', 'CTNNB1', 'MIR589', 'FOXO1', 'MIR3714', 'MIR466', 'PDGFA', 'MAPK1', 'CREB3L1', 'MIR106A', 'MIR4311', 'CDKN1B', 'AR', 'CDKN1A', 'CREBBP', 'CASP9', 'MTOR', 'MIR337', 'KRAS', 'MIRLET7A3', 'MIR603', 'NFKB1', 'MIRLET7B', 'NFKBIA', 'SOS1', 'MIR3682', 'MIR4517', 'PLCL2', 'MDM2', 'BAD', 'NFATC2IP', 'MIRLET7BHG', 'GRB2', 'PDGFRB', 'MIR4325', 'MIR92A2', 'TP53', 'MIR3149', 'RAF1', 'MIR363', 'PIK3CA', 'MIR20B', 'MIR18B', 'MIR1299', 'GSK3B', 'AKT3', 'IKBKG', 'TCF7', 'MIR3664', 'MAP2K1', 'MIR4664', 'MAP2K2', 'MIR3120']"
WP,WP_OSTEOBLAST_DIFFERENTIATION,"['MIR4683', 'HES3', 'RBPJ', 'PIK3R6', 'WNT4', 'NOTCH1', 'NOTCH2', 'NOTCH3', 'NOTCH4', 'FGF18', 'PIK3C2A', 'PIK3C2B', 'STAT1', 'PIK3C2G', 'PIK3C3', 'BMP2', 'WNT16', 'BMP4', 'HES6', 'BMPR1A', 'FZD3', 'FZD5', 'BMPR1B', 'BMPR2', 'FZD1', 'WNT3', 'PIK3CG', 'FZD4', 'WNT2', 'PIK3R1', 'SMAD1', 'WNT6', 'PIK3R2', 'WNT5A', 'FZD8', 'WNT7B', 'MAPK12', 'SMAD4', 'SOX9', 'FZD9', 'WNT7A', 'FZD6', 'WNT8B', 'FZD7', 'WNT8A', 'PIK3CA', 'PIK3CB', 'WNT1', 'PIK3CD', 'IHH', 'MAPK11', 'MAPK9', 'FZD10', 'MAPK10', 'MAPK13', 'GLI3', 'GLI2', 'PTCH1', 'PRKCD', 'WNT9B', 'WNT9A', 'PRKCE', 'PRKCG', 'PRKCH', 'PRKCI', 'PRKD1', 'SMAD5', 'WNT10B', 'SMAD9', 'WNT2B', 'WNT11', 'CTNNB1', 'WNT10A', 'PRKCA', 'PRKCB', 'JAG2', 'PRKDC', 'MAPK1', 'MAPK3', 'PIK3R4', 'MAPK4', 'MAPK6', 'MAPK7', 'PIK3R5', 'PRKCZ', 'DLL4', 'HEY2', 'PRKCQ', 'MYOD1', 'PPARG', 'DLL1', 'FGF9', 'FGF8', 'FGF7', 'FGF6', 'FGF5', 'SMO', 'FGF4', 'FGF3', 'FGF2', 'FGF1', 'MAPK14', 'HEY1', 'MAPK8', 'PIK3R3', 'LRP6', 'LRP5', 'WNT3A', 'FGFR4', 'FGFR2', 'JAG1', 'FGFR3', 'FGFR1', 'RUNX2', 'FZD2', 'WNT5B', 'FGF10', 'HES2', 'DLL3']"
WP,WP_OSTEOBLAST_SIGNALING,"['ITGB3', 'TNFSF11', 'PDGFB', 'PDGFRA', 'PTH', 'TNFRSF11B', 'IBSP', 'FGF23', 'BGLAP', 'COL1A1', 'PDGFRB', 'ITGAV', 'PTH1R', 'SLC17A2']"
WP,WP_PATHWAYS_AFFECTED_IN_ADENOID_CYSTIC_CARCINOMA,"['H2AC16', 'MAGI1', 'SMARCA2', 'MAGI2', 'EP300', 'MIR1281', 'ATM', 'BRCA1', 'MORF4L1', 'MYC', 'KANSL1', 'IL17RD', 'MYB', 'MYBL1', 'FOXO3', 'PRKDC', 'NFIB', 'BCORL1', 'NSD1', 'TLK1', 'FOXP2', 'KDM6B', 'JMJD1C', 'BRD1', 'FBXW7', 'BCOR', 'H1-4', 'ARID5B', 'MAML3', 'CREBBP', 'CNTN6', 'NOTCH1', 'KDM6A', 'AKT1', 'MYCN', 'INSRR', 'SETD2', 'HRAS', 'UHRF1', 'MGA', 'CMTR2', 'CHEK1', 'DTX4', 'ARID4B', 'MAX', 'CHEK2', 'FGF16', 'SMARCE1', 'MYCBP', 'ARID1A', 'SMC1A', 'KAT6A', 'TP53', 'RAF1', 'NCOR1', 'FGFR4', 'ERBB2', 'PIK3CA', 'CEBPA', 'PTEN', 'SRCAP', 'CTBP1', 'ATRX', 'MAP2K2', 'KMT2C', 'ERBIN']"
WP,WP_PATHWAYS_IN_CLEAR_CELL_RENAL_CELL_CARCINOMA,"['SHMT2', 'TGFB3', 'MIR6778', 'TPI1', 'ACLY', 'TSC1', 'DEPTOR', 'EP300', 'TGFB1', 'FASN', 'MIR1281', 'TGFB2', 'SHMT1', 'ALDOC', 'KCNJ2', 'GPI', 'ENO3', 'EFCAB3', 'ENO2', 'CDH13', 'PFKP', 'KSR1', 'HIF1A', 'PGK1', 'PLOD2', 'PDGFB', 'PGK2', 'PDGFRA', 'HK2', 'HK1', 'BHLHE41', 'CREBBP', 'GAPDH', 'MTOR', 'SLC2A1', 'PGBD5', 'AKT1', 'ARNT', 'TSC2', 'CAMK1', 'SETD2', 'LDHD', 'VEGFA', 'BAP1', 'ME1', 'SDSL', 'ENPP3', 'STAT3', 'HK3', 'MDH1', 'PSAT1', 'GRB10', 'LDHA', 'RPTOR', 'FLT1', 'PGM1', 'PKLR', 'PDGFRB', 'RHEB', 'PKM', 'SDS', 'ACACA', 'EGFR', 'CEP290', 'ACACB', 'KDM5C', 'RAPGEF5', 'MLST8', 'KDR', 'PFKL', 'PFKM', 'PBRM1', 'ENO1', 'SSPN', 'PHGDH', 'TOX2', 'PTEN', 'PGM2', 'LDHC', 'AKT1S1', 'ALDOA', 'ALDOB', 'VHL', 'SQSTM1', 'PSPH', 'ZEB1', 'LDHB']"
WP,WP_PATHWAYS_REGULATING_HIPPO_SIGNALING,"['PRKD3', 'IGF1R', 'CDC42', 'CDH1', 'TAZ', 'LATS1', 'MIR197', 'PDGFRA', 'INSR', 'PRKAA1', 'PRKAA2', 'PRKAB1', 'MET', 'PRKAB2', 'CDH2', 'CDH20', 'KIT', 'FLT4', 'FLT3', 'FLT1', 'PDGFRB', 'PRKAG2', 'PRKAG1', 'PLCB2', 'SMAD2', 'PRKAR1A', 'PLCB3', 'SMAD3', 'KDR', 'PLCB4', 'MST1', 'PRKAR1B', 'PRKAR2A', 'CDH12', 'CDH10', 'NTRK1', 'CDH9', 'NTRK2', 'CDH8', 'RHOA', 'CDH7', 'CDH6', 'CDH5', 'CDH4', 'CDH3', 'PRKACA', 'PRKACB', 'PRKACG', 'TCF7', 'TCF7L2', 'CDH11', 'PRKCD', 'PRKCE', 'PRKCG', 'PRKCH', 'PRKCI', 'TEAD4', 'NF2', 'TEAD1', 'TEAD3', 'NGFR', 'TCF7L1', 'CDH18', 'CDH17', 'YY1AP1', 'CTNNB1', 'CDH16', 'CDH15', 'CDH13', 'PRKAR2B', 'STK3', 'PRKCA', 'PRKCB', 'TEK', 'TEAD2', 'CDH24', 'CDH22', 'LATS2', 'PRKCZ', 'PRKAG3', 'LEF1', 'MTOR', 'PRKCQ', 'GNAI2', 'CDH19', 'GNA11', 'CSF1R', 'RAC1', 'EGFR', 'FGFR4', 'FGFR2', 'PLCB1', 'FGFR3', 'FGFR1', 'GNAS', 'GNAQ', 'GNAL', 'GNAI3', 'EPHA2']"
WP,WP_PDGF_PATHWAY,"['ARFIP2', 'NFKB1', 'PTPN11', 'NFKBIA', 'STAT1', 'PLA2G4A', 'SOS1', 'STAT3', 'FOS', 'HRAS', 'JAK1', 'GRB2', 'ELK1', 'PDGFRB', 'MAPK8', 'PLCG1', 'SRF', 'CDC42', 'RAC1', 'PIK3R1', 'PDGFA', 'MAPK1', 'MAPK3', 'PDGFB', 'SHC1', 'VAV2', 'RAF1', 'PAK1', 'TIAM1', 'RHOA', 'CHUK', 'MAP3K1', 'MAP2K4', 'WASL', 'RASA1', 'MT-CO2', 'MAP2K1', 'SRC', 'JUN', 'VAV1']"
WP,WP_PDGFRBETA_PATHWAY,"['STAT1', 'SOS1', 'STAT3', 'FOS', 'HRAS', 'JAK1', 'JAK2', 'GRB2', 'ELK1', 'PDGFRB', 'PLCG1', 'EIF2AK2', 'MAPK8', 'SRF', 'PRKCA', 'PRKCB', 'PIK3R1', 'MAPK3', 'SHC1', 'RAF1', 'PIK3CA', 'STAT5B', 'STAT5A', 'MAP3K1', 'MAP2K4', 'STAT6', 'RASA1', 'MAP2K1', 'JUN']"
WP,WP_PEPTIDE_GPCRS,"['TACR3', 'OXTR', 'NPY4R', 'SSTR1', 'TRHR', 'SSTR3', 'SSTR2', 'TAC4', 'AVPR1A', 'AVPR1B', 'AVPR2', 'GALR1', 'TACR2', 'NPY1R', 'NPY2R', 'TACR1', 'NPY6R', 'NPY5R', 'CCR10', 'NTSR1', 'C3AR1', 'TSHR', 'CCR2', 'EDNRA', 'CXCR4', 'CCR1', 'BRS3', 'CXCR3', 'FPR3', 'FPR2', 'GNRHR', 'FPR1', 'CXCR5', 'CCKAR', 'CCKBR', 'SSTR5', 'SSTR4', 'GALR2', 'CXCR6', 'C5AR1', 'MC1R', 'GHSR', 'NTSR2', 'FSHR', 'HCRTR2', 'HCRTR1', 'EDNRB', 'CCR8', 'NMBR', 'CCR7', 'CXCR2', 'CCR6', 'CXCR1', 'CCR5', 'CCR4', 'CCR3', 'ATP8A1', 'LHCGR', 'OPRD1', 'OPRK1', 'OPRL1', 'OPRM1', 'GRPR', 'MC5R', 'GALR3', 'AGTR1', 'AGTR2', 'MC4R', 'CX3CR1', 'CCR9', 'ACKR1', 'BDKRB1', 'BDKRB2', 'MC2R', 'MC3R']"
WP,WP_PHOTODYNAMIC_THERAPYINDUCED_AP1_SURVIVAL_SIGNALING,"['TNF', 'FOS', 'HSP90AA1', 'MCL1', 'CCND1', 'BCL2L11', 'IL2', 'BCL2', 'FAS', 'FASLG', 'BCL2L1', 'BID', 'TNFRSF1A', 'NFE2L2', 'TNFSF10', 'PDGFRA', 'JUNB', 'CDKN2A', 'IL6', 'CDKN1A', 'ATF2', 'BCL3', 'BMF', 'MAP3K5', 'JUN', 'TRAF2', 'TRAF6', 'TRAF5', 'FGF7', 'CCNA2', 'IFNG', 'MAPK14', 'BAK1', 'CCNE1', 'ELK1', 'MAPK8', 'HBEGF', 'EGFR', 'MAPK12', 'TP53', 'MIR8085', 'BAX', 'MAP2K6', 'MAP2K7', 'MAPK11', 'MMP2', 'MAP2K4', 'MAPK13', 'CFLAR', 'MAP2K3', 'RB1']"
WP,WP_PI3KAKT_SIGNALING_PATHWAY,"['HGF', 'TCL1B', 'GNGT2', 'GNGT1', 'OSMR', 'GNG11', 'GNG10', 'MCL1', 'CCND1', 'GNG7', 'BCL2', 'GNG5', 'MYC', 'GNG4', 'BCL2L1', 'FASLG', 'PKN3', 'LAMA1', 'GNG3', 'GNB3', 'GNB2', 'INS', 'GNG13', 'MYB', 'FOXO3', 'RBL2', 'NOS3', 'VWF', 'GNG8', 'PDGFA', 'PDGFB', 'PDGFRA', 'PIK3AP1', 'CHAD', 'VTN', 'INSR', 'LPAR1', 'GHR', 'MDM2', 'GH2', 'GH1', 'FLT4', 'FLT3LG', 'RPTOR', 'CD19', 'FLT3', 'FLT1', 'PDGFRB', 'RHEB', 'ITGA6', 'PIK3CG', 'PIK3R1', 'PIK3R2', 'KDR', 'RELA', 'ITGA1', 'C8orf44-SGK3', 'ITGA2', 'PHLPP2', 'IKBKB', 'PIK3CA', 'PIK3CB', 'PDPK1', 'PIK3CD', 'PTEN', 'CHRM2', 'CHRM1', 'FN1', 'CREB3L3', 'IRS1', 'MAP2K1', 'MAP2K2', 'MIR4260', 'ITGA9', 'CDC37', 'TSC1', 'NRAS', 'IL3RA', 'IFNA5', 'CREB1', 'IFNA4', 'HSP90AA1', 'IL3', 'CDK6', 'IL2RG', 'IFNA2', 'IL2RB', 'IFNA1', 'PRLR', 'CDK4', 'IL2RA', 'IL2', 'THEM4', 'CDK2', 'ITGA2B', 'ITGA3', 'ITGA4', 'ITGA5', 'ITGA7', 'PRL', 'TEK', 'ITGB3', 'ITGB4', 'ITGB5', 'ITGB6', 'CREB3L2', 'ITGB7', 'IL7', 'IFNA21', 'IFNA17', 'IL6R', 'ANGPT1', 'ANGPT2', 'EFNA2', 'EFNA1', 'PDGFD', 'IFNA16', 'IFNA14', 'PPP2R3C', 'IL6', 'IFNA13', 'HSP90AB1', 'CDKN1B', 'IFNA10', 'CDKN1A', 'CHUK', 'IL4R', 'IFNA8', 'ATF6B', 'IFNA7', 'CASP9', 'IL4', 'IFNA6', 'MTOR', 'ATF2', 'ITGAV', 'TSC2', 'ITGB1', 'PTK2', 'EFNA5', 'EFNA4', 'EFNA3', 'TNR', 'NFKB1', 'SYK', 'PPP2R2A', 'TNXB', 'TCL1A', 'PPP2R2B', 'COL4A4', 'FGF9', 'COL4A3', 'FGF8', 'COL4A2', 'FGF7', 'FGF6', 'COL4A1', 'FGF5', 'COL2A1', 'PPP2R1B', 'FGF4', 'FGF3', 'EGF', 'FGF2', 'COL1A2', 'FGF1', 'IFNB1', 'COL1A1', 'IFNAR2', 'IFNAR1', 'IL7R', 'ITGB8', 'PPP2CA', 'PPP2CB', 'RAC1', 'EGFR', 'FGF21', 'PPP2R1A', 'LPAR6', 'TP53', 'COL6A6', 'RAF1', 'TGFA', 'COL9A1', 'FGFR4', 'FGFR2', 'COL6A3', 'FGFR3', 'COL6A2', 'FGFR1', 'COL6A1', 'PHLPP1', 'GSK3B', 'FGF14', 'FGF13', 'FGF12', 'COL4A6', 'LAMA2', 'FGF11', 'COL4A5', 'LAMA3', 'FGF10', 'PPP2R2C', 'PPP2R3A', 'PPP2R5A', 'BDNF', 'EPHA2', 'PPP2R5B', 'PPP2R5C', 'RELN', 'PPP2R5D', 'PPP2R5E', 'CREB5', 'RPS6KB2', 'RPS6KB1', 'MIR4758', 'FGF22', 'LPAR3', 'IGF2', 'IGF1R', 'RPS6', 'LAMB2', 'LAMB3', 'EIF4B', 'BCL2L11', 'LAMC1', 'F2R', 'EIF4E1B', 'PIK3R6', 'IGF1', 'LAMC2', 'COL9A3', 'COL9A2', 'PPP2R2D', 'LAMA4', 'LAMA5', 'EIF4EBP1', 'LAMB1', 'EIF4E', 'ITGA11', 'THBS1', 'THBS3', 'G6PC3', 'THBS2', 'PPP2R3B', 'TNC', 'EIF4E2', 'GNG12', 'VEGFD', 'ANGPT4', 'FGF18', 'FGF20', 'PRKAA1', 'PRKAA2', 'LINC02478', 'SOS1', 'MET', 'EPO', 'HRAS', 'THBS4', 'LPAR5', 'TNN', 'IBSP', 'MIR1181', 'HSP90B1', 'KIT', 'CCND2', 'PDGFC', 'NTF3', 'CCND3', 'NTF4', 'CCNE1', 'SGK2', 'FGF17', 'LPAR4', 'CCNE2', 'MLST8', 'SGK3', 'DDIT4', 'NTRK1', 'NTRK2', 'EPOR', 'AKT3', 'SOS2', 'G6PC2', 'MIR3652', 'CREB3', 'KITLG', 'STK11', 'PKN1', 'PKN2', 'COL6A5', 'LAMB4', 'NGFR', 'JAK1', 'BRCA1', 'JAK2', 'JAK3', 'PRKCA', 'NGF', 'TLR4', 'MAPK1', 'MAPK3', 'CREB3L1', 'PIK3R5', 'TLR2', 'GYS2', 'GYS1', 'CREB3L4', 'AKT1', 'PCK1', 'AKT2', 'PCK2', 'PGF', 'KRAS', 'SPP1', 'VEGFA', 'FGF19', 'VEGFC', 'VEGFB', 'CSF3', 'FGF23', 'BAD', 'CSF1R', 'GNG2', 'CSF1', 'GRB2', 'COMP', 'LAMC3', 'GNB4', 'SGK1', 'PIK3R3', 'GNB1', 'LPAR2', 'CSHL1', 'CSH2', 'CSH1', 'ATF4', 'CSF3R', 'ITGA8', 'IKBKG', 'GNB5', 'ITGA10', 'OSM', 'G6PC']"
WP,WP_RAS_SIGNALING,"['PTPN11', 'RASSF1', 'GNGT2', 'GNGT1', 'PLA2G2D', 'RALBP1', 'HTR7', 'GNG11', 'GNG10', 'RASAL2', 'IGF1R', 'GNG7', 'PLA2G12A', 'GNG5', 'GNG4', 'BCL2L1', 'FASLG', 'GNG3', 'GNB3', 'GNB2', 'PLA1A', 'GNG13', 'CDC42', 'RASSF5', 'RALA', 'SHC4', 'RALB', 'GAB1', 'RRAS2', 'SHC2', 'GNG8', 'CALML5', 'PDGFRA', 'PLA2G2F', 'RGL1', 'GNG12', 'PLA2G4F', 'RRAS', 'CALM1', 'INSR', 'PLA2G2E', 'CALM2', 'CALM3', 'PLA2G6', 'SHOC2', 'PLA2G10', 'ABL1', 'SYNGAP1', 'PLA2G2A', 'BRAP', 'PLA2G4A', 'ABL2', 'MET', 'SOS1', 'PLA2G5', 'HRAS', 'KIT', 'PLA2G4D', 'FLT4', 'FLT3', 'FLT1', 'CALML3', 'PDGFRB', 'RASGRP2', 'PLA2G1B', 'PIK3R1', 'RAPGEF5', 'PIK3R2', 'KDR', 'RELA', 'PAK1', 'IKBKB', 'PIK3CA', 'JMJD7-PLA2G4B', 'ARF6', 'PIK3CB', 'TIAM1', 'PIK3CD', 'NTRK1', 'NTRK2', 'RHOA', 'PLA2G4B', 'PRKACA', 'AKT3', 'KSR2', 'PRKACB', 'SOS2', 'PRKACG', 'RASAL1', 'MAPK9', 'MAPK10', 'RASGRP1', 'REL', 'MAP2K1', 'MAP2K2', 'PAK3', 'PRKCG', 'NRAS', 'PAK5', 'RASA4B', 'PAK2', 'NGFR', 'PLA2G12B', 'RASGRP3', 'PLCG1', 'NF1', 'PLCG2', 'PLA2G4C', 'PRKCA', 'KSR1', 'PLD1', 'PRKCB', 'PLAAT3', 'STK4', 'PAK4', 'PLD2', 'GRIN2B', 'GRIN2A', 'LAT', 'GRIN1', 'TEK', 'MAPK1', 'MAPK3', 'PLA2G2C', 'RASAL3', 'RAP1A', 'EXOC2', 'CHUK', 'RAP1B', 'ETS2', 'ETS1', 'RGL2', 'AKT1', 'PLA2G3', 'SHC3', 'AKT2', 'TTBK1', 'RALGDS', 'RAB5A', 'KRAS', 'RAB5B', 'NFKB1', 'RAC2', 'RAC3', 'BAD', 'CSF1R', 'GNG2', 'GRB2', 'GNB4', 'ELK1', 'MRAS', 'AFDN', 'MAPK8', 'ZAP70', 'RASA4', 'FOXO4', 'PIK3R3', 'RAB5C', 'RAC1', 'EGFR', 'CALML4', 'SHC1', 'MIR5004', 'CALML6', 'RAF1', 'RIN1', 'GNB1', 'FGFR4', 'FGFR2', 'FGFR3', 'FGFR1', 'RASGRP4', 'RASA3', 'PLA2G4E', 'PLCE1', 'GNB5', 'IKBKG', 'GAB2', 'RASA1', 'EPHA2', 'RASA2', 'RASGRF1', 'BUB1B-PAK6', 'RASGRF2', 'PAK6']"
WP,WP_REGULATION_OF_ACTIN_CYTOSKELETON,"['ARPC5', 'FGF22', 'F2R', 'F2', 'CDC42', 'BRK1', 'RRAS2', 'PDGFA', 'ROCK2', 'PDGFB', 'WAS', 'PDGFRA', 'MOS', 'CFL2', 'CFL1', 'GNG12', 'PXN', 'RRAS', 'PIP4K2A', 'FGF18', 'NCKAP1', 'FGF20', 'WASF1', 'CD14', 'PIP4K2B', 'PIK3C2A', 'PIK3C2B', 'PIK3C2G', 'PIK3C3', 'SOS1', 'PIP5K1A', 'PIP5K1B', 'ROCK1', 'MYH10', 'ENAH', 'PDGFRB', 'FGF17', 'FGF16', 'PIP4K2C', 'IQGAP1', 'PIK3CG', 'PIK3R1', 'PIK3R2', 'RASSF7', 'TMSB4X', 'PAK1', 'ITGA1', 'ARHGEF1', 'CHRM4', 'CHRM3', 'GIT1', 'PIK3CA', 'PIK3CB', 'PIK3CD', 'CHRM2', 'CHRM1', 'RHOA', 'DIAPH3', 'FN1', 'PIP5K1C', 'RDX', 'SOS2', 'MYL1', 'MSN', 'MYL3', 'MAP2K1', 'MAP2K2', 'MYLK', 'PAK3', 'NRAS', 'ARHGAP35', 'PAK5', 'PAK2', 'CYFIP2', 'BAIAP2', 'BRAF', 'SSH1', 'CHRM5', 'APC2', 'PFN1', 'SLC9A1', 'PAK4', 'MAPK1', 'MAPK3', 'PIK3R4', 'MAPK4', 'MAPK6', 'PIK3R5', 'APC', 'SSH3', 'ACTB', 'PTK2', 'PPP1R12A', 'KRAS', 'VAV1', 'BCAR1', 'ARHGEF4', 'RAC2', 'RAC3', 'FGF19', 'ABI2', 'ARHGEF7', 'FGF9', 'FGF8', 'FGF7', 'FGF6', 'FGF5', 'FGF23', 'GNA12', 'FGF4', 'FGF3', 'EGF', 'FGF2', 'FGF1', 'FGD1', 'CRK', 'DOCK1', 'MRAS', 'VCL', 'PIK3R3', 'ACTG1', 'GNA13', 'RAC1', 'EGFR', 'FGF21', 'PIP5KL1', 'EZR', 'ARHGEF6', 'WASF2', 'RAF1', 'FGFR4', 'FGFR2', 'FGFR3', 'FGFR1', 'FGF14', 'CSK', 'FGF13', 'FGF12', 'FGF11', 'FGF10', 'BDKRB1', 'BDKRB2', 'LIMK1', 'DIAPH1', 'SSH2', 'VIL1', 'BUB1B-PAK6', 'PAK6', 'GSN', 'ACTN1']"
WP,WP_REGULATORY_CIRCUITS_OF_THE_STAT3_SIGNALING_PATHWAY,"['IL27RA', 'IL3RA', 'MAPK15', 'DEPTOR', 'OSMR', 'IL2RG', 'IL2RB', 'SOCS3', 'F2RL2', 'IL2RA', 'JAK1', 'JAK2', 'F2R', 'JAK3', 'PRKCB', 'TYK2', 'MAPK1', 'MAPK3', 'PDGFRA', 'IFNLR1', 'MAPK4', 'MAPK6', 'MAPK7', 'IL6ST', 'IL6R', 'CNTFR', 'STMN1', 'IL15RA', 'IL5RA', 'CREBBP', 'MTOR', 'IL20RB', 'PTPRC', 'IL20RA', 'PTPRD', 'SRC', 'F2RL3', 'MPL', 'STAT3', 'RICTOR', 'GHR', 'IFNGR2', 'IL9R', 'IFNGR1', 'MAPK14', 'RPTOR', 'IFNAR2', 'IFNAR1', 'IL7R', 'PDGFRB', 'MAPK8', 'PTPRT', 'TRIM28', 'CSF2RB', 'EGFR', 'LIFR', 'IL21R', 'CSF2RA', 'MAPK12', 'MLST8', 'IL12RB2', 'AGTR1', 'IL11RA', 'AGTR2', 'DUSP2', 'CTF1', 'SETD7', 'AKT1S1', 'MIR3917', 'IL10RB', 'IL10RA', 'IL22RA1', 'CSF3R', 'MAPKAP1', 'MAPK11', 'MAPK9', 'MAPK10', 'MAPK13', 'PIAS3']"
WP,WP_SIGNALING_PATHWAYS_IN_GLIOBLASTOMA,"['PRKCD', 'PRKCG', 'PRKCH', 'PRKCI', 'TSC1', 'NRAS', 'CDK6', 'EP300', 'MIR1281', 'IGF1R', 'ATM', 'CDK4', 'CCND1', 'BRCA1', 'BRAF', 'CDK2', 'BRCA2', 'SPRY2', 'NF1', 'PLCG1', 'PRKCA', 'PLCG2', 'PRKCB', 'FOXO3', 'FOXO1', 'GAB1', 'MAPK1', 'MAPK3', 'PDGFRA', 'CDKN2C', 'CDKN2B', 'PRKCZ', 'CDKN2A', 'CDKN1B', 'CDKN1A', 'ARAF', 'PRKCQ', 'AKT1', 'TSC2', 'ERRFI1', 'AKT2', 'SRC', 'E2F1', 'KRAS', 'MSH6', 'MDM4', 'PIK3C2A', 'PIK3C2B', 'PIK3C2G', 'MET', 'HRAS', 'MDM2', 'CCND2', 'GRB2', 'CCNE1', 'PDGFRB', 'FOXO4', 'EGFR', 'PIK3CG', 'PIK3R1', 'PIK3R2', 'TP53', 'RAF1', 'ERBB3', 'FGFR2', 'ERBB2', 'PIK3CA', 'FGFR1', 'PDPK1', 'PIK3CB', 'PIK3CD', 'PTEN', 'MAP2K5', 'MAP2K6', 'MAP2K7', 'AKT3', 'CBL', 'MAP2K4', 'IRS1', 'MAP2K1', 'MAP2K2', 'RB1', 'MAP2K3']"
WP,WP_STING_PATHWAY_IN_KAWASAKILIKE_DISEASE_AND_COVID19,"['IKBKE', 'FCGR2C', 'NFKB1', 'NFKBIA', 'RELA', 'STING1', 'IRF3', 'NFKBIE', 'IKBKB', 'F3', 'NLRP3', 'GSDMD', 'NLRX1', 'TBK1', 'CHUK', 'ITPR1', 'IFNB1', 'FCGR2A', 'IL1B', 'CGAS', 'IKBKG', 'REL']"
WP,WP_VEGFAVEGFR2_SIGNALING_PATHWAY,"['OCLN', 'CLTC', 'TBCA', 'FOXO3', 'LMAN1', 'FOXO1', 'NOS3', 'GAB1', 'TPCN2', 'PTMAP12', 'LDB2', 'PNP', 'LUC7L', 'FLNB', 'PXN', 'FLII', 'CSRP2', 'CSRP1', 'NOTCH4', 'SCUBE2', 'RPL10A', 'PSMD11', 'GIPC1', 'MYH11', 'TRAF3IP2', 'FLT1', 'ARPC5L', 'CALR', 'PSMD4', 'CALU', 'RCN1', 'ELOC', 'ELOA', 'MYH9', 'IDH2', 'KDR', 'RELA', 'MYO1C', 'CTNNA1', 'CCN2', 'SLC2A14', 'HYOU1', 'MAP2K6', 'CAMKK2', 'MAP2K7', 'HSPA1A', 'FN1', 'CDH5', 'GJA1', 'DNAJA1', 'MAPK9', 'CAPN2', 'MYL2', 'MAP2K1', 'MAP2K2', 'MAP2K3', 'NFATC1', 'NFATC2', 'CREB1', 'FHOD1', 'HSP90AA1', 'SLC25A25', 'SND1', 'HSPB1', 'CTNNB1', 'RND1', 'CAPZB', 'MYO6', 'ASCC3', 'ITGB3', 'ITGB5', 'FGA', 'EIF2A', 'TXNIP', 'CNP', 'ETS1', 'CREBBP', 'GAPDH', 'LRRC59', 'ATF2', 'MTOR', 'ITGAV', 'PTGS2', 'ITGB1', 'RAB4A', 'SRC', 'PTK2', 'RAB5A', 'NFKB1', 'NFKBIA', 'NAP1L1', 'EWSR1', 'PBXIP1', 'SRP54', 'CRK', 'CXCL8', 'GIGYF2', 'ELK1', 'FGB', 'CRIP2', 'AFDN', 'SRF', 'CAV1', 'FOXO4', 'PPP2CA', 'PTMA', 'RAC1', 'DKK1', 'PTPN1', 'PPP3CA', 'RAF1', 'ENG', 'AP2S1', 'COPG1', 'CBL', 'MAPKAP1', 'MMP2', 'SRPK1', 'STIP1', 'MMP10', 'NCK1', 'PTPN9', 'NCL', 'PTPN11', 'PDIA6', 'PTPN14', 'IGFBP3', 'FHL2', 'F3', 'PRKD2', 'MMRN2', 'FGG', 'CDC42', 'MMP14', 'HTRA1', 'NCF2', 'PTPN6', 'FSCN1', 'SSR4', 'HDAC5', 'SSR3', 'MEF2C', 'VPS39', 'SHC2', 'INPP4B', 'PTPRJ', 'SELE', 'MOV10', 'ZNF555', 'CFL1', 'PRRC2C', 'CCN1', 'CLIC1', 'IGFBP7', 'ZC3H15', 'EPB41', 'DPM1', 'ARNT', 'MAP3K5', 'ATP6V1E1', 'ARRB2', 'WASF1', 'PRKAA1', 'STAT1', 'PLA2G4A', 'PRKAA2', 'PLA2G5', 'STAT3', 'HRAS', 'HLX', 'ICAM1', 'TMEM170A', 'BMP2', 'EPHB2', 'RCAN2', 'TAL1', 'NRP2', 'SOD2', 'IQGAP1', 'MAPK12', 'PLCB3', 'MLST8', 'SLC7A1', 'SARS1', 'PTK2B', 'NRARP', 'EPS15', 'BMX', 'PBK', 'CACNA2D1', 'PALM2AKAP2', 'ANXA1', 'IER5', 'EPRS1', 'HMGB1', 'MAP2K4', 'STAT6', 'PLAU', 'TNFRSF25', 'SET', 'PLAUR', 'PRKCD', 'PRKCE', 'PRKCI', 'P4HA2', 'PRKD1', 'ERG', 'HBD', 'NR4A1', 'RPL13A', 'PLCG1', 'SLC8A1', 'PRKCA', 'PRKCB', 'PFN1', 'CCT7', 'ERN1', 'PRKG1', 'PGK1', 'MAPK1', 'MAPK3', 'PLOD3', 'VAV2', 'YWHAE', 'PRKCZ', 'BSG', 'DLL4', 'AKT1', 'PGD', 'PGF', 'CYCS', 'HERPUD1', 'ARHGEF15', 'AC005280.2', 'VEGFA', 'ADAM9', 'HDAC1', 'BIRC5', 'ALB', 'MAPK8', 'RPS11', 'VCL', 'NEXN', 'SYNJ1', 'ADAMTS9', 'SHB', 'SOD2-OT1', 'EZR', 'PPM1G', 'SLC25A11', 'SHC1', 'RAB11A', 'HDAC9', 'PPP1CA', 'SDF2L1', 'ADAM10', 'ATF4', 'ALDOA', 'TUBB8', 'FADD', 'RAB37', 'MIR7705', 'SMARCA2', 'NUMB', 'EEA1', 'SIAH2', 'NAPA', 'CHAC1', 'CCND1', 'BCL2', 'FAS', 'BCL2L1', 'SHROOM2', 'KATNAL2', 'CCL2', 'INPP5K', 'ADAMTS1', 'P4HB', 'FXR2', 'EIF3H', 'DNAJB9', 'EIF3D', 'EIF3F', 'RPL5', 'FJX1', 'FBXW11', 'S1PR1', 'TUBA1C', 'TNFRSF10C', 'TRPC1', 'MAPKAPK5', 'TRPC3', 'ABL1', 'MICAL2', 'RICTOR', 'EPN1', 'MDM2', 'ARF4', 'HDAC4', 'RPL7', 'ACACA', 'ACACB', 'RPL18A', 'PIK3R1', 'ARMCX1', 'PIK3R2', 'SDCBP', 'TMOD1', 'TMSB4X', 'UBAP2L', 'PAK1', 'PIK3CA', 'PDPK1', 'ARF6', 'RHOA', 'RHOC', 'AKT1S1', 'MIR1244-1', 'PRKRA', 'RPL27', 'PRDX2', 'RPL26', 'TEAD4', 'BIN1', 'PAK2', 'ADRB2', 'HDAC7', 'MKNK1', 'PDE4DIP', 'FARSB', 'ACP1', 'ABCF2', 'AP2A1', 'LARP7', 'C15orf39', 'RCAN1', 'SPIRE1', 'DSC1', 'BCAR1', 'QKI', 'TFCP2', 'TNXB', 'TRIP4', 'TFAM', 'FAF1', 'HBEGF', 'ACTG1', 'NDRG1', 'EGR1', 'GRSF1', 'RACK1', 'CDC42BPB', 'PABPC1', 'BRD4', 'ACOT9', 'JAG1', 'EIF2AK3', 'RPLP2', 'GSK3B', 'EGR3', 'DHX29', 'LRRFIP2', 'GPC1', 'EPHA2', 'DUSP5', 'NR4A3', 'TAOK2', 'RBM39', 'USP10', 'RPS6KB1', 'PRDX6', 'MIR1915HG', 'FMNL3', 'RPS6', 'APOLD1', 'EIF4E', 'ATP6V0D1', 'ROCK2', 'ATF6', 'STAM', 'FRS2', 'TPM3', 'ITCH', 'TXN', 'TXNDC5', 'CTNND1', 'EIF4G2', 'EIF4G1', 'CGNL1', 'KL', 'DHX36', 'TMOD3', 'ROCK1', 'ACKR3', 'LDHA', 'RPS6KA5', 'NCF1', 'CCDC124', 'HGS', 'NOX4', 'MAPKAPK2', 'RHOJ', 'TKT', 'CYBB', 'GLUD1', 'GATA2', 'NR4A2', 'CCRL2', 'AMOT', 'RAP1A', 'GPX1', 'DECR1', 'RAP1B', 'SEMA6D', 'JUN', 'SH2D2A', 'TMSB10', 'DNAJB4', 'MIR4329', 'KANK1', 'BMP10', 'RAPGEF1', 'CYP2C8', 'GRB10', 'FUT1', 'DOK1', 'GRB2', 'MAPK14', 'FGD5', 'KCNC3', 'FYN', 'CSK', 'FAM120A', 'TPP1', 'LIMK1', 'SH3BGRL3', 'OCRL', 'PTPRZ1']"